/*
clm array for 43711a0 converted by Lewis, on 20240923
Version info:
	clm_syn43711a0.23.12.02.20240514.blob
*/
const char wifi_clm_blob_image[] = {
0x42 ,0x4C ,0x4F ,0x42 ,0x3C ,0x00 ,0x00 ,0x00 ,0xD4 ,0x48 ,0xCC ,0x78 ,0x01 ,0x00 ,0x00 ,0x00,
0x02 ,0x00 ,0x00 ,0x00 ,0x00 ,0x00 ,0x00 ,0x00 ,0x3C ,0x00 ,0x00 ,0x00 ,0xF9 ,0x5C ,0x00 ,0x00,
0xC8 ,0xC2 ,0xE7 ,0x3C ,0x00 ,0x00 ,0x00 ,0x00 ,0x00 ,0x00 ,0x00 ,0x00 ,0x35 ,0x5D ,0x00 ,0x00,
0x04 ,0x00 ,0x00 ,0x00 ,0x66 ,0x59 ,0xBA ,0xB0 ,0x00 ,0x00 ,0x00 ,0x00 ,0x43 ,0x4C ,0x4D ,0x20,
0x44 ,0x41 ,0x54 ,0x41 ,0x00 ,0x00 ,0x19 ,0x00 ,0x00 ,0x00 ,0x32 ,0x33 ,0x2E ,0x31 ,0x32 ,0x2E,
0x30 ,0x32 ,0x00 ,0x00 ,0x00 ,0x00 ,0x00 ,0x00 ,0x00 ,0x00 ,0x00 ,0x00 ,0x00 ,0x00 ,0x31 ,0x2E,
0x36 ,0x34 ,0x2E ,0x34 ,0x00 ,0x00 ,0x00 ,0x00 ,0x00 ,0x00 ,0x00 ,0x00 ,0x68 ,0x01 ,0x00 ,0x00,
0x43 ,0x6C ,0x6D ,0x49 ,0x6D ,0x70 ,0x6F ,0x72 ,0x74 ,0x3A ,0x20 ,0x31 ,0x2E ,0x36 ,0x34 ,0x2E,
0x34 ,0x00 ,0x00 ,0x00 ,0x00 ,0x00 ,0x00 ,0x00 ,0x00 ,0x00 ,0x00 ,0x00 ,0x00 ,0x00 ,0x61 ,0x6D,
0x70 ,0x61 ,0x6B ,0x20 ,0x34 ,0x33 ,0x37 ,0x31 ,0x31 ,0x61 ,0x30 ,0x00 ,0x00 ,0x00 ,0x00 ,0x00,
0x00 ,0x00 ,0x00 ,0x00 ,0x77 ,0x00 ,0x00 ,0x00 ,0x4A ,0x50 ,0x00 ,0x00 ,0x01 ,0x00 ,0x00 ,0x00,
0x68 ,0x00 ,0x00 ,0x00 ,0x01 ,0x00 ,0x00 ,0x00 ,0x6C ,0x00 ,0x00 ,0x00 ,0x00 ,0x00 ,0x00 ,0x00,
0x00 ,0x00 ,0x00 ,0x00 ,0x01 ,0x01 ,0x01 ,0x0B ,0x01 ,0x0D ,0x01 ,0x0E ,0x02 ,0x0A ,0x02 ,0x0B,
0x0B ,0x0B ,0x0C ,0x0C ,0x0C ,0x0D ,0x0D ,0x0D ,0x03 ,0x0B ,0x24 ,0x24 ,0x24 ,0x2C ,0x24 ,0x30,
0x24 ,0x40 ,0x24 ,0x74 ,0x24 ,0x8C ,0x24 ,0x90 ,0x24 ,0xA5 ,0x24 ,0xB1 ,0x28 ,0x30 ,0x28 ,0x3C,
0x30 ,0x30 ,0x34 ,0x3C ,0x34 ,0x74 ,0x34 ,0xA5 ,0x40 ,0x40 ,0x40 ,0x64 ,0x64 ,0x64 ,0x64 ,0x74,
0x64 ,0x8C ,0x64 ,0x90 ,0x68 ,0x74 ,0x68 ,0x88 ,0x84 ,0x88 ,0x84 ,0x90 ,0x84 ,0xA5 ,0x8C ,0x8C,
0x90 ,0x90 ,0x90 ,0xA5 ,0x95 ,0x95 ,0x95 ,0xA5 ,0x95 ,0xB1 ,0x99 ,0xA1 ,0x99 ,0xAD ,0xA5 ,0xA5,
0xA9 ,0xA9 ,0xAD ,0xB1 ,0xB1 ,0xB1 ,0x26 ,0x26 ,0x26 ,0x3E ,0x26 ,0x86 ,0x26 ,0x9F ,0x26 ,0xAF,
0x2E ,0x2E ,0x2E ,0x36 ,0x36 ,0x36 ,0x36 ,0x9F ,0x3E ,0x3E ,0x3E ,0x66 ,0x66 ,0x66 ,0x66 ,0x8E,
0x6E ,0x6E ,0x6E ,0x7E ,0x6E ,0x86 ,0x86 ,0x86 ,0x86 ,0x9F ,0x8E ,0x8E ,0x8E ,0x97 ,0x8E ,0x9F,
0x97 ,0x97 ,0x97 ,0x9F ,0x9F ,0x9F ,0xAF ,0xAF ,0x2A ,0x2A ,0x2A ,0x3A ,0x2A ,0x6A ,0x2A ,0x7A,
0x2A ,0x9B ,0x2A ,0xAB ,0x3A ,0x3A ,0x3A ,0x6A ,0x3A ,0x7A ,0x3A ,0x9B ,0x6A ,0x6A ,0x6A ,0x8A,
0x7A ,0x7A ,0x7A ,0x8A ,0x7A ,0xAB ,0x8A ,0x8A ,0x8A ,0x9B ,0x8A ,0xAB ,0x9B ,0x9B ,0x9B ,0xAB,
0x01 ,0x5D ,0x01 ,0xE5 ,0x01 ,0xE9 ,0x02 ,0x02 ,0x75 ,0xB5 ,0xE9 ,0xE9 ,0x03 ,0x5B ,0x03 ,0x6B,
0x03 ,0xE3 ,0x7B ,0xB3 ,0x7B ,0xE3 ,0x07 ,0x07 ,0x07 ,0x57 ,0x07 ,0x67 ,0x07 ,0xD7 ,0x17 ,0xD7,
0x87 ,0xA7 ,0xC7 ,0xD7 ,0x7C ,0x5C ,0x00 ,0x00 ,0x94 ,0x5C ,0x00 ,0x00 ,0x9E ,0x00 ,0x00 ,0x00,
0x32 ,0x5B ,0x00 ,0x00 ,0x84 ,0x0E ,0x00 ,0x00 ,0x0D ,0x4B ,0x00 ,0x00 ,0xB3 ,0x0E ,0x00 ,0x00,
0x88 ,0x15 ,0x00 ,0x00 ,0xD7 ,0x0F ,0x00 ,0x00 ,0x7F ,0x17 ,0x00 ,0x00 ,0x84 ,0x03 ,0x00 ,0x00,
0x78 ,0x00 ,0x00 ,0x00 ,0x80 ,0x00 ,0x00 ,0x00 ,0xFF ,0x34 ,0xA1 ,0x84 ,0x44 ,0x5C ,0x00 ,0x00,
0x00 ,0x00 ,0x00 ,0x00 ,0xEA ,0x00 ,0x00 ,0x00 ,0x1C ,0x01 ,0x00 ,0x00 ,0x00 ,0x00 ,0x00 ,0x00,
0xF5 ,0x4D ,0x00 ,0x00 ,0xEF ,0x50 ,0x00 ,0x00 ,0x00 ,0x00 ,0x00 ,0x00 ,0xE9 ,0x46 ,0x00 ,0x00,
0xDC ,0x49 ,0x00 ,0x00 ,0x5C ,0x5C ,0x00 ,0x00 ,0x84 ,0x5C ,0x00 ,0x00 ,0x9C ,0x5C ,0x00 ,0x00,
0xA4 ,0x5C ,0x00 ,0x00 ,0x8C ,0x5C ,0x00 ,0x00 ,0x7C ,0x0E ,0x00 ,0x00 ,0x00 ,0x00 ,0x00 ,0x00,
0x00 ,0x00 ,0x00 ,0x00 ,0x00 ,0x00 ,0x00 ,0x00 ,0x00 ,0x00 ,0x00 ,0x00 ,0x00 ,0x00 ,0x00 ,0x00,
0x00 ,0x00 ,0x00 ,0x00 ,0x00 ,0x00 ,0x00 ,0x00 ,0x00 ,0x00 ,0x00 ,0x00 ,0x00 ,0x00 ,0x00 ,0x00,
0x00 ,0x00 ,0x00 ,0x00 ,0x00 ,0x00 ,0x00 ,0x00 ,0x00 ,0x00 ,0x00 ,0x00 ,0x00 ,0x00 ,0x00 ,0x00,
0x00 ,0x00 ,0x00 ,0x00 ,0x00 ,0x00 ,0x00 ,0x00 ,0x00 ,0x00 ,0x00 ,0x00 ,0x34 ,0x5C ,0x00 ,0x00,
0x3C ,0x5C ,0x00 ,0x00 ,0x8F ,0xB9 ,0x6F ,0x00 ,0x0E ,0x00 ,0x00 ,0x00 ,0x52 ,0x00 ,0x00 ,0x00,
0x00 ,0x00 ,0x00 ,0x00 ,0x7F ,0x4D ,0x00 ,0x00 ,0x00 ,0x00 ,0x00 ,0x00 ,0x00 ,0x00 ,0x00 ,0x00,
0x00 ,0x00 ,0x00 ,0x00 ,0x00 ,0x00 ,0x00 ,0x00 ,0x00 ,0x00 ,0x00 ,0x00 ,0x00 ,0x00 ,0x00 ,0x00,
0x62 ,0x49 ,0x00 ,0x00 ,0xF0 ,0x4A ,0x00 ,0x00 ,0x35 ,0x50 ,0x00 ,0x00 ,0x57 ,0x53 ,0x00 ,0x00,
0x00 ,0x00 ,0x00 ,0x00 ,0xCE ,0x58 ,0x00 ,0x00 ,0x2A ,0x59 ,0x00 ,0x00 ,0x36 ,0x59 ,0x00 ,0x00,
0x8C ,0x59 ,0x00 ,0x00 ,0xFA ,0x59 ,0x00 ,0x00 ,0x00 ,0x00 ,0x00 ,0x00 ,0x00 ,0x00 ,0x00 ,0x00,
0x00 ,0x00 ,0x00 ,0x00 ,0x00 ,0x00 ,0x00 ,0x00 ,0x00 ,0x00 ,0x00 ,0x00 ,0x00 ,0x00 ,0x00 ,0x00,
0x00 ,0x00 ,0x00 ,0x00 ,0x00 ,0x00 ,0x00 ,0x00 ,0x00 ,0x00 ,0x00 ,0x00 ,0x00 ,0x00 ,0x00 ,0x00,
0x00 ,0x00 ,0x00 ,0x00 ,0x00 ,0x00 ,0x00 ,0x00 ,0x00 ,0x00 ,0x00 ,0x00 ,0xF0 ,0x58 ,0x00 ,0x00,
0x2E ,0x59 ,0x00 ,0x00 ,0x52 ,0x59 ,0x00 ,0x00 ,0xA4 ,0x59 ,0x00 ,0x00 ,0x12 ,0x5A ,0x00 ,0x00,
0x00 ,0x00 ,0x00 ,0x00 ,0x88 ,0x00 ,0x00 ,0x00 ,0x9C ,0x00 ,0x00 ,0x00 ,0x88 ,0x5A ,0x00 ,0x00,
0xBA ,0x5A ,0x00 ,0x00 ,0xF2 ,0x5A ,0x00 ,0x00 ,0x00 ,0x00 ,0x00 ,0x00 ,0x00 ,0x00 ,0x00 ,0x00,
0x00 ,0x00 ,0x00 ,0x00 ,0x00 ,0x00 ,0x00 ,0x00 ,0x00 ,0x00 ,0x00 ,0x00 ,0x00 ,0x00 ,0x00 ,0x00,
0x00 ,0x00 ,0x00 ,0x00 ,0x00 ,0x00 ,0x00 ,0x00 ,0x00 ,0x00 ,0x00 ,0x00 ,0x94 ,0x5A ,0x00 ,0x00,
0xC4 ,0x5A ,0x00 ,0x00 ,0xFC ,0x5A ,0x00 ,0x00 ,0x00 ,0x00 ,0x00 ,0x00 ,0xB4 ,0x5C ,0x00 ,0x00,
0xBC ,0x5C ,0x00 ,0x00 ,0xC4 ,0x5C ,0x00 ,0x00 ,0xAC ,0x5C ,0x00 ,0x00 ,0x44 ,0x01 ,0x00 ,0x00,
0x50 ,0x01 ,0x00 ,0x00 ,0x5A ,0x01 ,0x00 ,0x00 ,0x00 ,0x00 ,0x00 ,0x00 ,0x63 ,0x54 ,0x00 ,0x00,
0xB8 ,0x55 ,0x00 ,0x00 ,0x32 ,0x57 ,0x00 ,0x00 ,0x00 ,0x00 ,0x00 ,0x00 ,0x00 ,0x00 ,0x00 ,0x00,
0x00 ,0x00 ,0x00 ,0x00 ,0x00 ,0x00 ,0x00 ,0x00 ,0x00 ,0x00 ,0x00 ,0x00 ,0x00 ,0x00 ,0x00 ,0x00,
0x00 ,0x00 ,0x00 ,0x00 ,0x00 ,0x00 ,0x00 ,0x00 ,0x00 ,0x00 ,0x00 ,0x00 ,0x49 ,0x55 ,0x00 ,0x00,
0xA5 ,0x56 ,0x00 ,0x00 ,0x1F ,0x58 ,0x00 ,0x00 ,0x00 ,0x00 ,0x00 ,0x00 ,0x94 ,0x3B ,0x00 ,0x00,
0xBF ,0x40 ,0x00 ,0x00 ,0x4C ,0x5C ,0x00 ,0x00 ,0x54 ,0x5C ,0x00 ,0x00 ,0x00 ,0x00 ,0x00 ,0x00,
0x18 ,0x01 ,0x00 ,0x00 ,0x8C ,0x03 ,0x00 ,0x00 ,0x23 ,0x61 ,0x00 ,0x05 ,0x01 ,0x05 ,0x00 ,0x01,
0x01 ,0x0A ,0x23 ,0x6E ,0x00 ,0x07 ,0x00 ,0xFF ,0xFF ,0xFF ,0xFF ,0x00 ,0x30 ,0x42 ,0x00 ,0x06,
0x07 ,0x06 ,0x06 ,0x02 ,0x02 ,0xA9 ,0x30 ,0x43 ,0x00 ,0x06 ,0x07 ,0x06 ,0x06 ,0x02 ,0x02 ,0xA9,
0x41 ,0x41 ,0x00 ,0x00 ,0x02 ,0x00 ,0x01 ,0x01 ,0x01 ,0x0A ,0x41 ,0x43 ,0x00 ,0x07 ,0x00 ,0xFF,
0xFF ,0xFF ,0xFF ,0x00 ,0x41 ,0x44 ,0x00 ,0x06 ,0x07 ,0x06 ,0x06 ,0x02 ,0x02 ,0xA9 ,0x41 ,0x45,
0x00 ,0x06 ,0x07 ,0x06 ,0x06 ,0x02 ,0x02 ,0xA9 ,0x41 ,0x46 ,0x00 ,0x06 ,0x07 ,0x06 ,0x06 ,0x02,
0x02 ,0xA9 ,0x41 ,0x47 ,0x00 ,0x06 ,0x07 ,0x06 ,0x06 ,0x02 ,0x02 ,0xA9 ,0x41 ,0x49 ,0x00 ,0x06,
0x07 ,0x06 ,0x06 ,0x02 ,0x02 ,0xA9 ,0x41 ,0x4C ,0x00 ,0x06 ,0x07 ,0x06 ,0x06 ,0xFF ,0xFF ,0xA9,
0x41 ,0x4D ,0x00 ,0x06 ,0x07 ,0x06 ,0x06 ,0x02 ,0x02 ,0xA9 ,0x41 ,0x4E ,0x00 ,0x06 ,0x07 ,0x06,
0x06 ,0x02 ,0x02 ,0xA9 ,0x41 ,0x4F ,0x00 ,0x06 ,0x07 ,0x06 ,0x06 ,0x02 ,0x02 ,0xA9 ,0x41 ,0x51,
0x00 ,0x06 ,0x07 ,0x06 ,0x06 ,0x02 ,0x02 ,0xA9 ,0x41 ,0x52 ,0x00 ,0x06 ,0x07 ,0x06 ,0x06 ,0x02,
0x02 ,0xA9 ,0x41 ,0x53 ,0x00 ,0x0E ,0x0F ,0x0D ,0x0D ,0x06 ,0x06 ,0x0B ,0x41 ,0x54 ,0x00 ,0x06,
0x07 ,0x06 ,0x06 ,0x02 ,0x02 ,0xA9 ,0x41 ,0x55 ,0x00 ,0x01 ,0x03 ,0x01 ,0x02 ,0xFF ,0xFF ,0x09,
0x41 ,0x57 ,0x00 ,0x06 ,0x07 ,0x06 ,0x06 ,0x02 ,0x02 ,0xA9 ,0x41 ,0x58 ,0x00 ,0x06 ,0x07 ,0x06,
0x06 ,0x02 ,0x02 ,0xA9 ,0x41 ,0x5A ,0x00 ,0x06 ,0x07 ,0x06 ,0x06 ,0x02 ,0x02 ,0xA9 ,0x42 ,0x41,
0x00 ,0x06 ,0x07 ,0x06 ,0x06 ,0x02 ,0x02 ,0xA9 ,0x42 ,0x42 ,0x00 ,0x06 ,0x07 ,0x06 ,0x06 ,0x02,
0x02 ,0xA9 ,0x42 ,0x44 ,0x00 ,0x06 ,0x07 ,0x06 ,0x06 ,0x02 ,0x02 ,0xA9 ,0x42 ,0x45 ,0x00 ,0x06,
0x07 ,0x06 ,0x06 ,0x02 ,0x02 ,0xA9 ,0x42 ,0x46 ,0x00 ,0x06 ,0x07 ,0x06 ,0x06 ,0x02 ,0x02 ,0xA9,
0x42 ,0x47 ,0x00 ,0x06 ,0x07 ,0x06 ,0x06 ,0x02 ,0x02 ,0xA9 ,0x42 ,0x48 ,0x00 ,0x06 ,0x07 ,0x06,
0x06 ,0x02 ,0x02 ,0xA9 ,0x42 ,0x49 ,0x00 ,0x06 ,0x07 ,0x06 ,0x06 ,0x02 ,0x02 ,0xA9 ,0x42 ,0x4A,
0x00 ,0x06 ,0x07 ,0x06 ,0x06 ,0x02 ,0x02 ,0xA9 ,0x42 ,0x4C ,0x00 ,0x06 ,0x07 ,0x06 ,0x06 ,0x02,
0x02 ,0xA9 ,0x42 ,0x4D ,0x00 ,0x06 ,0x07 ,0x06 ,0x06 ,0x02 ,0x02 ,0xA9 ,0x42 ,0x4E ,0x00 ,0x06,
0x07 ,0x06 ,0x06 ,0x02 ,0x02 ,0xA9 ,0x42 ,0x4F ,0x00 ,0x06 ,0x07 ,0x06 ,0x06 ,0x02 ,0x02 ,0xA9,
0x42 ,0x51 ,0x00 ,0x06 ,0x07 ,0x06 ,0x06 ,0x02 ,0x02 ,0xA9 ,0x42 ,0x52 ,0x00 ,0x06 ,0x07 ,0x06,
0x06 ,0x02 ,0x02 ,0xA9 ,0x42 ,0x53 ,0x00 ,0x06 ,0x07 ,0x06 ,0x06 ,0x02 ,0x02 ,0xA9 ,0x42 ,0x54,
0x00 ,0x06 ,0x07 ,0x06 ,0x06 ,0x02 ,0x02 ,0xA9 ,0x42 ,0x56 ,0x00 ,0x06 ,0x07 ,0x06 ,0x06 ,0x02,
0x02 ,0xA9 ,0x42 ,0x57 ,0x00 ,0x06 ,0x07 ,0x06 ,0x06 ,0x02 ,0x02 ,0xA9 ,0x42 ,0x59 ,0x00 ,0x06,
0x07 ,0x06 ,0x06 ,0x02 ,0x02 ,0xA9 ,0x42 ,0x5A ,0x00 ,0x06 ,0x07 ,0x06 ,0x06 ,0x02 ,0x02 ,0xA9,
0x43 ,0x41 ,0x00 ,0x02 ,0x04 ,0x02 ,0x03 ,0x00 ,0x00 ,0x0A ,0x43 ,0x43 ,0x00 ,0x06 ,0x07 ,0x06,
0x06 ,0x02 ,0x02 ,0xA9 ,0x43 ,0x44 ,0x00 ,0x06 ,0x07 ,0x06 ,0x06 ,0x02 ,0x02 ,0xA9 ,0x43 ,0x46,
0x00 ,0x06 ,0x07 ,0x06 ,0x06 ,0x02 ,0x02 ,0xA9 ,0x43 ,0x47 ,0x00 ,0x06 ,0x07 ,0x06 ,0x06 ,0x02,
0x02 ,0xA9 ,0x43 ,0x48 ,0x00 ,0x06 ,0x07 ,0x06 ,0x06 ,0xFF ,0xFF ,0xA9 ,0x43 ,0x49 ,0x00 ,0x06,
0x07 ,0x06 ,0x06 ,0x02 ,0x02 ,0xA9 ,0x43 ,0x4B ,0x00 ,0x06 ,0x07 ,0x06 ,0x06 ,0x02 ,0x02 ,0xA9,
0x43 ,0x4C ,0x00 ,0x06 ,0x07 ,0x06 ,0x06 ,0x02 ,0x02 ,0xA9 ,0x43 ,0x4D ,0x00 ,0x06 ,0x07 ,0x06,
0x06 ,0x02 ,0x02 ,0xA9 ,0x43 ,0x4E ,0x00 ,0x03 ,0x05 ,0x03 ,0x04 ,0xFF ,0xFF ,0x08 ,0x43 ,0x4F,
0x00 ,0x06 ,0x07 ,0x06 ,0x06 ,0x02 ,0x02 ,0xA9 ,0x43 ,0x50 ,0x00 ,0x07 ,0x00 ,0xFF ,0xFF ,0xFF,
0xFF ,0x00 ,0x43 ,0x52 ,0x00 ,0x06 ,0x07 ,0x06 ,0x06 ,0x02 ,0x02 ,0xA9 ,0x43 ,0x55 ,0x00 ,0x06,
0x07 ,0x06 ,0x06 ,0x02 ,0x02 ,0xA9 ,0x43 ,0x56 ,0x00 ,0x06 ,0x07 ,0x06 ,0x06 ,0x02 ,0x02 ,0xA9,
0x43 ,0x57 ,0x00 ,0x06 ,0x07 ,0x06 ,0x06 ,0x02 ,0x02 ,0xA9 ,0x43 ,0x58 ,0x00 ,0x06 ,0x07 ,0x06,
0x06 ,0x02 ,0x02 ,0xA9 ,0x43 ,0x59 ,0x00 ,0x06 ,0x07 ,0x06 ,0x06 ,0x02 ,0x02 ,0xA9 ,0x43 ,0x5A,
0x00 ,0x06 ,0x07 ,0x06 ,0x06 ,0x02 ,0x02 ,0xA9 ,0x44 ,0x45 ,0x00 ,0x04 ,0x06 ,0x04 ,0x05 ,0x02,
0x02 ,0xA9 ,0x44 ,0x4A ,0x00 ,0x06 ,0x07 ,0x06 ,0x06 ,0x02 ,0x02 ,0xA9 ,0x44 ,0x4B ,0x00 ,0x06,
0x07 ,0x06 ,0x06 ,0x02 ,0x02 ,0xA9 ,0x44 ,0x4D ,0x00 ,0x06 ,0x07 ,0x06 ,0x06 ,0x02 ,0x02 ,0xA9,
0x44 ,0x4F ,0x00 ,0x06 ,0x07 ,0x06 ,0x06 ,0x02 ,0x02 ,0xA9 ,0x44 ,0x5A ,0x00 ,0x06 ,0x07 ,0x06,
0x06 ,0x02 ,0x02 ,0xA9 ,0x45 ,0x43 ,0x00 ,0x06 ,0x07 ,0x06 ,0x06 ,0x02 ,0x02 ,0xA9 ,0x45 ,0x45,
0x00 ,0x06 ,0x07 ,0x06 ,0x06 ,0x02 ,0x02 ,0xA9 ,0x45 ,0x47 ,0x00 ,0x06 ,0x07 ,0x06 ,0x06 ,0x02,
0x02 ,0xA9 ,0x45 ,0x48 ,0x00 ,0x06 ,0x07 ,0x06 ,0x06 ,0x02 ,0x02 ,0xA9 ,0x45 ,0x52 ,0x00 ,0x06,
0x07 ,0x06 ,0x06 ,0x02 ,0x02 ,0xA9 ,0x45 ,0x53 ,0x00 ,0x06 ,0x07 ,0x06 ,0x06 ,0x02 ,0x02 ,0xA9,
0x45 ,0x54 ,0x00 ,0x06 ,0x07 ,0x06 ,0x06 ,0x02 ,0x02 ,0xA9 ,0x45 ,0x55 ,0x00 ,0x06 ,0x07 ,0x06,
0x06 ,0x02 ,0x02 ,0xA9 ,0x46 ,0x49 ,0x00 ,0x06 ,0x07 ,0x06 ,0x06 ,0x02 ,0x02 ,0xA9 ,0x46 ,0x4A,
0x00 ,0x06 ,0x07 ,0x06 ,0x06 ,0x02 ,0x02 ,0xA9 ,0x46 ,0x4B ,0x00 ,0x06 ,0x07 ,0x06 ,0x06 ,0x02,
0x02 ,0xA9 ,0x46 ,0x4D ,0x00 ,0x06 ,0x07 ,0x06 ,0x06 ,0x02 ,0x02 ,0xA9 ,0x46 ,0x4F ,0x00 ,0x06,
0x07 ,0x06 ,0x06 ,0x02 ,0x02 ,0xA9 ,0x46 ,0x52 ,0x00 ,0x06 ,0x07 ,0x06 ,0x06 ,0x02 ,0x02 ,0xA9,
0x47 ,0x41 ,0x00 ,0x06 ,0x07 ,0x06 ,0x06 ,0x02 ,0x02 ,0xA9 ,0x47 ,0x42 ,0x00 ,0x08 ,0x08 ,0x07,
0x07 ,0x03 ,0x03 ,0xA9 ,0x47 ,0x44 ,0x00 ,0x06 ,0x07 ,0x06 ,0x06 ,0x02 ,0x02 ,0xA9 ,0x47 ,0x45,
0x00 ,0x06 ,0x07 ,0x06 ,0x06 ,0x02 ,0x02 ,0xA9 ,0x47 ,0x46 ,0x00 ,0x06 ,0x07 ,0x06 ,0x06 ,0x02,
0x02 ,0xA9 ,0x47 ,0x47 ,0x00 ,0x06 ,0x07 ,0x06 ,0x06 ,0x02 ,0x02 ,0xA9 ,0x47 ,0x48 ,0x00 ,0x06,
0x07 ,0x06 ,0x06 ,0x02 ,0x02 ,0xA9 ,0x47 ,0x49 ,0x00 ,0x06 ,0x07 ,0x06 ,0x06 ,0x02 ,0x02 ,0xA9,
0x47 ,0x4C ,0x00 ,0x06 ,0x07 ,0x06 ,0x06 ,0x02 ,0x02 ,0xA9 ,0x47 ,0x4D ,0x00 ,0x06 ,0x07 ,0x06,
0x06 ,0x02 ,0x02 ,0xA9 ,0x47 ,0x4E ,0x00 ,0x06 ,0x07 ,0x06 ,0x06 ,0x02 ,0x02 ,0xA9 ,0x47 ,0x50,
0x00 ,0x06 ,0x07 ,0x06 ,0x06 ,0x02 ,0x02 ,0xA9 ,0x47 ,0x51 ,0x00 ,0x06 ,0x07 ,0x06 ,0x06 ,0x02,
0x02 ,0xA9 ,0x47 ,0x52 ,0x00 ,0x04 ,0x06 ,0x04 ,0x05 ,0x02 ,0x02 ,0xA9 ,0x47 ,0x53 ,0x00 ,0x06,
0x07 ,0x06 ,0x06 ,0x02 ,0x02 ,0xA9 ,0x47 ,0x54 ,0x00 ,0x06 ,0x07 ,0x06 ,0x06 ,0x02 ,0x02 ,0xA9,
0x47 ,0x55 ,0x00 ,0x0F ,0x0F ,0x0E ,0x0D ,0x06 ,0x06 ,0x0B ,0x47 ,0x57 ,0x00 ,0x06 ,0x07 ,0x06,
0x06 ,0x02 ,0x02 ,0xA9 ,0x47 ,0x59 ,0x00 ,0x06 ,0x07 ,0x06 ,0x06 ,0x02 ,0x02 ,0xA9 ,0x48 ,0x4B,
0x00 ,0x06 ,0x07 ,0x06 ,0x06 ,0x02 ,0x02 ,0xA9 ,0x48 ,0x4D ,0x00 ,0x06 ,0x07 ,0x06 ,0x06 ,0x02,
0x02 ,0xA9 ,0x48 ,0x4E ,0x00 ,0x06 ,0x07 ,0x06 ,0x06 ,0x02 ,0x02 ,0xA9 ,0x48 ,0x52 ,0x00 ,0x06,
0x07 ,0x06 ,0x06 ,0x02 ,0x02 ,0xA9 ,0x48 ,0x54 ,0x00 ,0x06 ,0x07 ,0x06 ,0x06 ,0x02 ,0x02 ,0xA9,
0x48 ,0x55 ,0x00 ,0x04 ,0x06 ,0x04 ,0x05 ,0x02 ,0x02 ,0xA9 ,0x49 ,0x44 ,0x00 ,0x06 ,0x07 ,0x06,
0x06 ,0x02 ,0x02 ,0xA9 ,0x49 ,0x45 ,0x00 ,0x06 ,0x07 ,0x06 ,0x06 ,0x02 ,0x02 ,0xA9 ,0x49 ,0x4C,
0x00 ,0x06 ,0x07 ,0x06 ,0x06 ,0x02 ,0x02 ,0xA9 ,0x49 ,0x4D ,0x00 ,0x06 ,0x07 ,0x06 ,0x06 ,0x02,
0x02 ,0xA9 ,0x49 ,0x4E ,0x00 ,0x09 ,0x09 ,0x08 ,0x08 ,0xFF ,0xFF ,0x09 ,0x49 ,0x4F ,0x00 ,0x06,
0x07 ,0x06 ,0x06 ,0x02 ,0x02 ,0xA9 ,0x49 ,0x51 ,0x00 ,0x06 ,0x07 ,0x06 ,0x06 ,0x02 ,0x02 ,0xA9,
0x49 ,0x52 ,0x00 ,0x06 ,0x07 ,0x06 ,0x06 ,0x02 ,0x02 ,0xA9 ,0x49 ,0x53 ,0x00 ,0x06 ,0x07 ,0x06,
0x06 ,0xFF ,0xFF ,0xA9 ,0x49 ,0x54 ,0x00 ,0x06 ,0x07 ,0x06 ,0x06 ,0x02 ,0x02 ,0xA9 ,0x4A ,0x31,
0x00 ,0x0A ,0x0B ,0x09 ,0x09 ,0xFF ,0xFF ,0x09 ,0x4A ,0x45 ,0x00 ,0x06 ,0x07 ,0x06 ,0x06 ,0x02,
0x02 ,0xA9 ,0x4A ,0x4D ,0x00 ,0x06 ,0x07 ,0x06 ,0x06 ,0x02 ,0x02 ,0xA9 ,0x4A ,0x4F ,0x00 ,0x06,
0x07 ,0x06 ,0x06 ,0x02 ,0x02 ,0xA9 ,0x4A ,0x50 ,0x00 ,0x0A ,0x0A ,0x09 ,0x09 ,0x04 ,0x04 ,0x09,
0x4B ,0x45 ,0x00 ,0x06 ,0x07 ,0x06 ,0x06 ,0x02 ,0x02 ,0xA9 ,0x4B ,0x47 ,0x00 ,0x06 ,0x07 ,0x06,
0x06 ,0x02 ,0x02 ,0xA9 ,0x4B ,0x48 ,0x00 ,0x06 ,0x07 ,0x06 ,0x06 ,0x02 ,0x02 ,0xA9 ,0x4B ,0x49,
0x00 ,0x06 ,0x07 ,0x06 ,0x06 ,0x02 ,0x02 ,0xA9 ,0x4B ,0x4D ,0x00 ,0x06 ,0x07 ,0x06 ,0x06 ,0x02,
0x02 ,0xA9 ,0x4B ,0x4E ,0x00 ,0x06 ,0x07 ,0x06 ,0x06 ,0x02 ,0x02 ,0xA9 ,0x4B ,0x50 ,0x00 ,0x07,
0x00 ,0xFF ,0xFF ,0xFF ,0xFF ,0x00 ,0x4B ,0x52 ,0x00 ,0x0B ,0x0C ,0x0A ,0x0A ,0x05 ,0x05 ,0xA9,
0x4B ,0x57 ,0x00 ,0x06 ,0x07 ,0x06 ,0x06 ,0x02 ,0x02 ,0xA9 ,0x4B ,0x59 ,0x00 ,0x06 ,0x07 ,0x06,
0x06 ,0x02 ,0x02 ,0xA9 ,0x4B ,0x5A ,0x00 ,0x06 ,0x07 ,0x06 ,0x06 ,0x02 ,0x02 ,0xA9 ,0x4C ,0x41,
0x00 ,0x06 ,0x07 ,0x06 ,0x06 ,0x02 ,0x02 ,0xA9 ,0x4C ,0x42 ,0x00 ,0x06 ,0x07 ,0x06 ,0x06 ,0x02,
0x02 ,0xA9 ,0x4C ,0x43 ,0x00 ,0x06 ,0x07 ,0x06 ,0x06 ,0x02 ,0x02 ,0xA9 ,0x4C ,0x49 ,0x00 ,0x06,
0x07 ,0x06 ,0x06 ,0xFF ,0xFF ,0xA9 ,0x4C ,0x4B ,0x00 ,0x06 ,0x07 ,0x06 ,0x06 ,0x02 ,0x02 ,0xA9,
0x4C ,0x52 ,0x00 ,0x06 ,0x07 ,0x06 ,0x06 ,0x02 ,0x02 ,0xA9 ,0x4C ,0x53 ,0x00 ,0x06 ,0x07 ,0x06,
0x06 ,0x02 ,0x02 ,0xA9 ,0x4C ,0x54 ,0x00 ,0x06 ,0x07 ,0x06 ,0x06 ,0x02 ,0x02 ,0xA9 ,0x4C ,0x55,
0x00 ,0x06 ,0x07 ,0x06 ,0x06 ,0x02 ,0x02 ,0xA9 ,0x4C ,0x56 ,0x00 ,0x06 ,0x07 ,0x06 ,0x06 ,0x02,
0x02 ,0xA9 ,0x4C ,0x59 ,0x00 ,0x06 ,0x07 ,0x06 ,0x06 ,0x02 ,0x02 ,0xA9 ,0x4D ,0x41 ,0x00 ,0x06,
0x07 ,0x06 ,0x06 ,0x02 ,0x02 ,0xA9 ,0x4D ,0x43 ,0x00 ,0x06 ,0x07 ,0x06 ,0x06 ,0x02 ,0x02 ,0xA9,
0x4D ,0x44 ,0x00 ,0x06 ,0x07 ,0x06 ,0x06 ,0x02 ,0x02 ,0xA9 ,0x4D ,0x45 ,0x00 ,0x06 ,0x07 ,0x06,
0x06 ,0xFF ,0xFF ,0xA9 ,0x4D ,0x46 ,0x00 ,0x06 ,0x07 ,0x06 ,0x06 ,0x02 ,0x02 ,0xA9 ,0x4D ,0x47,
0x00 ,0x06 ,0x07 ,0x06 ,0x06 ,0x02 ,0x02 ,0xA9 ,0x4D ,0x48 ,0x00 ,0x06 ,0x07 ,0x06 ,0x06 ,0x02,
0x02 ,0xA9 ,0x4D ,0x4B ,0x00 ,0x06 ,0x07 ,0x06 ,0x06 ,0xFF ,0xFF ,0xA9 ,0x4D ,0x4C ,0x00 ,0x06,
0x07 ,0x06 ,0x06 ,0x02 ,0x02 ,0xA9 ,0x4D ,0x4D ,0x00 ,0x06 ,0x07 ,0x06 ,0x06 ,0x02 ,0x02 ,0xA9,
0x4D ,0x4E ,0x00 ,0x06 ,0x07 ,0x06 ,0x06 ,0x02 ,0x02 ,0xA9 ,0x4D ,0x4F ,0x00 ,0x06 ,0x07 ,0x06,
0x06 ,0x02 ,0x02 ,0xA9 ,0x4D ,0x50 ,0x00 ,0x0E ,0x0F ,0x0D ,0x0D ,0x06 ,0x06 ,0x0B ,0x4D ,0x51,
0x00 ,0x06 ,0x07 ,0x06 ,0x06 ,0x02 ,0x02 ,0xA9 ,0x4D ,0x52 ,0x00 ,0x06 ,0x07 ,0x06 ,0x06 ,0x02,
0x02 ,0xA9 ,0x4D ,0x53 ,0x00 ,0x06 ,0x07 ,0x06 ,0x06 ,0x02 ,0x02 ,0xA9 ,0x4D ,0x54 ,0x00 ,0x06,
0x07 ,0x06 ,0x06 ,0x02 ,0x02 ,0xA9 ,0x4D ,0x55 ,0x00 ,0x06 ,0x07 ,0x06 ,0x06 ,0x02 ,0x02 ,0xA9,
0x4D ,0x56 ,0x00 ,0x06 ,0x07 ,0x06 ,0x06 ,0x02 ,0x02 ,0xA9 ,0x4D ,0x57 ,0x00 ,0x06 ,0x07 ,0x06,
0x06 ,0x02 ,0x02 ,0xA9 ,0x4D ,0x58 ,0x00 ,0x06 ,0x07 ,0x06 ,0x06 ,0x02 ,0x02 ,0xA9 ,0x4D ,0x59,
0x00 ,0x06 ,0x07 ,0x06 ,0x06 ,0x02 ,0x02 ,0xA9 ,0x4D ,0x5A ,0x00 ,0x06 ,0x07 ,0x06 ,0x06 ,0x02,
0x02 ,0xA9 ,0x4E ,0x41 ,0x00 ,0x06 ,0x07 ,0x06 ,0x06 ,0x02 ,0x02 ,0xA9 ,0x4E ,0x43 ,0x00 ,0x06,
0x07 ,0x06 ,0x06 ,0x02 ,0x02 ,0xA9 ,0x4E ,0x45 ,0x00 ,0x06 ,0x07 ,0x06 ,0x06 ,0x02 ,0x02 ,0xA9,
0x4E ,0x46 ,0x00 ,0x06 ,0x07 ,0x06 ,0x06 ,0x02 ,0x02 ,0xA9 ,0x4E ,0x47 ,0x00 ,0x06 ,0x07 ,0x06,
0x06 ,0x02 ,0x02 ,0xA9 ,0x4E ,0x49 ,0x00 ,0x06 ,0x07 ,0x06 ,0x06 ,0x02 ,0x02 ,0xA9 ,0x4E ,0x4C,
0x00 ,0x06 ,0x07 ,0x06 ,0x06 ,0x02 ,0x02 ,0xA9 ,0x4E ,0x4F ,0x00 ,0x06 ,0x07 ,0x06 ,0x06 ,0xFF,
0xFF ,0xA9 ,0x4E ,0x50 ,0x00 ,0x06 ,0x07 ,0x06 ,0x06 ,0x02 ,0x02 ,0xA9 ,0x4E ,0x52 ,0x00 ,0x06,
0x07 ,0x06 ,0x06 ,0x02 ,0x02 ,0xA9 ,0x4E ,0x55 ,0x00 ,0x06 ,0x07 ,0x06 ,0x06 ,0x02 ,0x02 ,0xA9,
0x4E ,0x5A ,0x00 ,0x06 ,0x07 ,0x06 ,0x06 ,0x02 ,0x02 ,0xA9 ,0x4F ,0x4D ,0x00 ,0x06 ,0x07 ,0x06,
0x06 ,0x02 ,0x02 ,0xA9 ,0x50 ,0x41 ,0x00 ,0x06 ,0x07 ,0x06 ,0x06 ,0x02 ,0x02 ,0xA9 ,0x50 ,0x45,
0x00 ,0x06 ,0x07 ,0x06 ,0x06 ,0x02 ,0x02 ,0xA9 ,0x50 ,0x46 ,0x00 ,0x06 ,0x07 ,0x06 ,0x06 ,0x02,
0x02 ,0xA9 ,0x50 ,0x47 ,0x00 ,0x06 ,0x07 ,0x06 ,0x06 ,0x02 ,0x02 ,0xA9 ,0x50 ,0x48 ,0x00 ,0x06,
0x07 ,0x06 ,0x06 ,0x02 ,0x02 ,0xA9 ,0x50 ,0x4B ,0x00 ,0x06 ,0x07 ,0x06 ,0x06 ,0x02 ,0x02 ,0xA9,
0x50 ,0x4C ,0x00 ,0x06 ,0x07 ,0x06 ,0x06 ,0x02 ,0x02 ,0xA9 ,0x50 ,0x4D ,0x00 ,0x06 ,0x07 ,0x06,
0x06 ,0x02 ,0x02 ,0xA9 ,0x50 ,0x4E ,0x00 ,0x06 ,0x07 ,0x06 ,0x06 ,0x02 ,0x02 ,0xA9 ,0x50 ,0x52,
0x00 ,0x0E ,0x0F ,0x0D ,0x0D ,0x06 ,0x06 ,0x0B ,0x50 ,0x53 ,0x00 ,0x06 ,0x07 ,0x06 ,0x06 ,0x02,
0x02 ,0xA9 ,0x50 ,0x54 ,0x00 ,0x04 ,0x06 ,0x04 ,0x05 ,0x02 ,0x02 ,0xA9 ,0x50 ,0x57 ,0x00 ,0x06,
0x07 ,0x06 ,0x06 ,0x02 ,0x02 ,0xA9 ,0x50 ,0x59 ,0x00 ,0x06 ,0x07 ,0x06 ,0x06 ,0x02 ,0x02 ,0xA9,
0x51 ,0x41 ,0x00 ,0x06 ,0x07 ,0x06 ,0x06 ,0x02 ,0x02 ,0xA9 ,0x52 ,0x45 ,0x00 ,0x06 ,0x07 ,0x06,
0x06 ,0x02 ,0x02 ,0xA9 ,0x52 ,0x4F ,0x00 ,0x06 ,0x07 ,0x06 ,0x06 ,0x02 ,0x02 ,0xA9 ,0x52 ,0x53,
0x00 ,0x06 ,0x07 ,0x06 ,0x06 ,0xFF ,0xFF ,0xA9 ,0x52 ,0x55 ,0x00 ,0x06 ,0x07 ,0x06 ,0x06 ,0x02,
0x02 ,0xA9 ,0x52 ,0x57 ,0x00 ,0x06 ,0x07 ,0x06 ,0x06 ,0x02 ,0x02 ,0xA9 ,0x53 ,0x41 ,0x00 ,0x06,
0x07 ,0x06 ,0x06 ,0x02 ,0x02 ,0xA9 ,0x53 ,0x42 ,0x00 ,0x06 ,0x07 ,0x06 ,0x06 ,0x02 ,0x02 ,0xA9,
0x53 ,0x43 ,0x00 ,0x06 ,0x07 ,0x06 ,0x06 ,0x02 ,0x02 ,0xA9 ,0x53 ,0x44 ,0x00 ,0x06 ,0x07 ,0x06,
0x06 ,0x02 ,0x02 ,0xA9 ,0x53 ,0x45 ,0x00 ,0x06 ,0x07 ,0x06 ,0x06 ,0x02 ,0x02 ,0xA9 ,0x53 ,0x47,
0x00 ,0x0C ,0x0D ,0x0B ,0x0B ,0xFF ,0xFF ,0x09 ,0x53 ,0x48 ,0x00 ,0x06 ,0x07 ,0x06 ,0x06 ,0x02,
0x02 ,0xA9 ,0x53 ,0x49 ,0x00 ,0x06 ,0x07 ,0x06 ,0x06 ,0x02 ,0x02 ,0xA9 ,0x53 ,0x4A ,0x00 ,0x06,
0x07 ,0x06 ,0x06 ,0x02 ,0x02 ,0xA9 ,0x53 ,0x4B ,0x00 ,0x06 ,0x07 ,0x06 ,0x06 ,0x02 ,0x02 ,0xA9,
0x53 ,0x4C ,0x00 ,0x06 ,0x07 ,0x06 ,0x06 ,0x02 ,0x02 ,0xA9 ,0x53 ,0x4D ,0x00 ,0x06 ,0x07 ,0x06,
0x06 ,0x02 ,0x02 ,0xA9 ,0x53 ,0x4E ,0x00 ,0x06 ,0x07 ,0x06 ,0x06 ,0x02 ,0x02 ,0xA9 ,0x53 ,0x4F,
0x00 ,0x06 ,0x07 ,0x06 ,0x06 ,0x02 ,0x02 ,0xA9 ,0x53 ,0x52 ,0x00 ,0x06 ,0x07 ,0x06 ,0x06 ,0x02,
0x02 ,0xA9 ,0x53 ,0x53 ,0x00 ,0x06 ,0x07 ,0x06 ,0x06 ,0x02 ,0x02 ,0xA9 ,0x53 ,0x54 ,0x00 ,0x06,
0x07 ,0x06 ,0x06 ,0x02 ,0x02 ,0xA9 ,0x53 ,0x56 ,0x00 ,0x06 ,0x07 ,0x06 ,0x06 ,0x02 ,0x02 ,0xA9,
0x53 ,0x58 ,0x00 ,0x06 ,0x07 ,0x06 ,0x06 ,0x02 ,0x02 ,0xA9 ,0x53 ,0x59 ,0x00 ,0x07 ,0x00 ,0xFF,
0xFF ,0xFF ,0xFF ,0x00 ,0x53 ,0x5A ,0x00 ,0x06 ,0x07 ,0x06 ,0x06 ,0x02 ,0x02 ,0xA9 ,0x54 ,0x41,
0x00 ,0x07 ,0x00 ,0xFF ,0xFF ,0xFF ,0xFF ,0x00 ,0x54 ,0x43 ,0x00 ,0x06 ,0x07 ,0x06 ,0x06 ,0x02,
0x02 ,0xA9 ,0x54 ,0x44 ,0x00 ,0x06 ,0x07 ,0x06 ,0x06 ,0x02 ,0x02 ,0xA9 ,0x54 ,0x46 ,0x00 ,0x06,
0x07 ,0x06 ,0x06 ,0x02 ,0x02 ,0xA9 ,0x54 ,0x47 ,0x00 ,0x06 ,0x07 ,0x06 ,0x06 ,0x02 ,0x02 ,0xA9,
0x54 ,0x48 ,0x00 ,0x06 ,0x07 ,0x06 ,0x06 ,0x02 ,0x02 ,0xA9 ,0x54 ,0x4A ,0x00 ,0x06 ,0x07 ,0x06,
0x06 ,0x02 ,0x02 ,0xA9 ,0x54 ,0x4B ,0x00 ,0x06 ,0x07 ,0x06 ,0x06 ,0x02 ,0x02 ,0xA9 ,0x54 ,0x4C,
0x00 ,0x06 ,0x07 ,0x06 ,0x06 ,0x02 ,0x02 ,0xA9 ,0x54 ,0x4D ,0x00 ,0x06 ,0x07 ,0x06 ,0x06 ,0x02,
0x02 ,0xA9 ,0x54 ,0x4E ,0x00 ,0x06 ,0x07 ,0x06 ,0x06 ,0x02 ,0x02 ,0xA9 ,0x54 ,0x4F ,0x00 ,0x06,
0x07 ,0x06 ,0x06 ,0x02 ,0x02 ,0xA9 ,0x54 ,0x52 ,0x00 ,0x06 ,0x07 ,0x06 ,0x06 ,0xFF ,0xFF ,0xA9,
0x54 ,0x54 ,0x00 ,0x06 ,0x07 ,0x06 ,0x06 ,0x02 ,0x02 ,0xA9 ,0x54 ,0x56 ,0x00 ,0x06 ,0x07 ,0x06,
0x06 ,0x02 ,0x02 ,0xA9 ,0x54 ,0x57 ,0x00 ,0x0D ,0x0E ,0x0C ,0x0C ,0xFF ,0xFF ,0x0A ,0x54 ,0x5A,
0x00 ,0x06 ,0x07 ,0x06 ,0x06 ,0x02 ,0x02 ,0xA9 ,0x55 ,0x41 ,0x00 ,0x06 ,0x07 ,0x06 ,0x06 ,0x02,
0x02 ,0xA9 ,0x55 ,0x47 ,0x00 ,0x06 ,0x07 ,0x06 ,0x06 ,0x02 ,0x02 ,0xA9 ,0x55 ,0x4D ,0x00 ,0x0E,
0x0F ,0x0D ,0x0D ,0x06 ,0x06 ,0x0B ,0x55 ,0x53 ,0x00 ,0x0E ,0x0F ,0x0D ,0x0D ,0x06 ,0x06 ,0x0B,
0x55 ,0x59 ,0x00 ,0x06 ,0x07 ,0x06 ,0x06 ,0x02 ,0x02 ,0xA9 ,0x55 ,0x5A ,0x00 ,0x06 ,0x07 ,0x06,
0x06 ,0x02 ,0x02 ,0xA9 ,0x56 ,0x41 ,0x00 ,0x06 ,0x07 ,0x06 ,0x06 ,0x02 ,0x02 ,0xA9 ,0x56 ,0x43,
0x00 ,0x06 ,0x07 ,0x06 ,0x06 ,0x02 ,0x02 ,0xA9 ,0x56 ,0x45 ,0x00 ,0x06 ,0x07 ,0x06 ,0x06 ,0x02,
0x02 ,0xA9 ,0x56 ,0x47 ,0x00 ,0x06 ,0x07 ,0x06 ,0x06 ,0x02 ,0x02 ,0xA9 ,0x56 ,0x49 ,0x00 ,0x0E,
0x0F ,0x0D ,0x0D ,0x06 ,0x06 ,0x0B ,0x56 ,0x4E ,0x00 ,0x06 ,0x07 ,0x06 ,0x06 ,0x02 ,0x02 ,0xA9,
0x56 ,0x55 ,0x00 ,0x06 ,0x07 ,0x06 ,0x06 ,0x02 ,0x02 ,0xA9 ,0x57 ,0x30 ,0x00 ,0x10 ,0x10 ,0x0F,
0x0E ,0xFF ,0xFF ,0xA9 ,0x57 ,0x46 ,0x00 ,0x06 ,0x07 ,0x06 ,0x06 ,0x02 ,0x02 ,0xA9 ,0x57 ,0x53,
0x00 ,0x06 ,0x07 ,0x06 ,0x06 ,0x02 ,0x02 ,0xA9 ,0x58 ,0x4B ,0x00 ,0x06 ,0x07 ,0x06 ,0x06 ,0x02,
0x02 ,0xA9 ,0x58 ,0x56 ,0x00 ,0x11 ,0x11 ,0x10 ,0x0F ,0x06 ,0x06 ,0xA9 ,0x58 ,0x5A ,0x00 ,0x11,
0x11 ,0x10 ,0x0F ,0x06 ,0x06 ,0xA9 ,0x59 ,0x31 ,0x00 ,0x06 ,0x07 ,0x06 ,0x06 ,0x02 ,0x02 ,0xA9,
0x59 ,0x32 ,0x00 ,0x06 ,0x07 ,0x06 ,0x06 ,0x02 ,0x02 ,0xA9 ,0x59 ,0x33 ,0x00 ,0x06 ,0x07 ,0x06,
0x06 ,0x02 ,0x02 ,0xA9 ,0x59 ,0x34 ,0x00 ,0x06 ,0x07 ,0x06 ,0x06 ,0x02 ,0x02 ,0xA9 ,0x59 ,0x35,
0x00 ,0x06 ,0x07 ,0x06 ,0x06 ,0x02 ,0x02 ,0xA9 ,0x59 ,0x36 ,0x00 ,0x06 ,0x07 ,0x06 ,0x06 ,0x02,
0x02 ,0xA9 ,0x59 ,0x37 ,0x00 ,0x06 ,0x07 ,0x06 ,0x06 ,0x02 ,0x02 ,0xA9 ,0x59 ,0x45 ,0x00 ,0x06,
0x07 ,0x06 ,0x06 ,0x02 ,0x02 ,0xA9 ,0x59 ,0x54 ,0x00 ,0x06 ,0x07 ,0x06 ,0x06 ,0x02 ,0x02 ,0xA9,
0x5A ,0x31 ,0x00 ,0x07 ,0x00 ,0xFF ,0xFF ,0xFF ,0xFF ,0x00 ,0x5A ,0x32 ,0x00 ,0x07 ,0x00 ,0xFF,
0xFF ,0xFF ,0xFF ,0x00 ,0x5A ,0x33 ,0x00 ,0x07 ,0x00 ,0xFF ,0xFF ,0xFF ,0xFF ,0x00 ,0x5A ,0x34,
0x00 ,0x07 ,0x00 ,0xFF ,0xFF ,0xFF ,0xFF ,0x00 ,0x5A ,0x35 ,0x00 ,0x07 ,0x00 ,0xFF ,0xFF ,0xFF,
0xFF ,0x00 ,0x5A ,0x36 ,0x00 ,0x07 ,0x00 ,0xFF ,0xFF ,0xFF ,0xFF ,0x00 ,0x5A ,0x37 ,0x00 ,0x07,
0x00 ,0xFF ,0xFF ,0xFF ,0xFF ,0x00 ,0x5A ,0x38 ,0x00 ,0x07 ,0x00 ,0xFF ,0xFF ,0xFF ,0xFF ,0x00,
0x5A ,0x39 ,0x00 ,0x07 ,0x00 ,0xFF ,0xFF ,0xFF ,0xFF ,0x00 ,0x5A ,0x41 ,0x00 ,0x06 ,0x07 ,0x06,
0x06 ,0x02 ,0x02 ,0xA9 ,0x5A ,0x4D ,0x00 ,0x06 ,0x07 ,0x06 ,0x06 ,0x02 ,0x02 ,0xA9 ,0x5A ,0x57,
0x00 ,0x06 ,0x07 ,0x06 ,0x06 ,0x02 ,0x02 ,0xA9 ,0x00 ,0x00 ,0x00 ,0x00 ,0x00 ,0x00 ,0x00 ,0x00,
0x00 ,0x01 ,0x01 ,0x01 ,0x02 ,0x01 ,0x03 ,0x03 ,0x01 ,0x0B ,0x0E ,0x02 ,0x03 ,0x14 ,0x02 ,0x03,
0x1E ,0x03 ,0x04 ,0x18 ,0x1E ,0x02 ,0x04 ,0x19 ,0x01 ,0x05 ,0x02 ,0x05 ,0x1E ,0x02 ,0x06 ,0x1E,
0x02 ,0x06 ,0x1F ,0x01 ,0x07 ,0x01 ,0x08 ,0x01 ,0x00 ,0x02 ,0x00 ,0x03 ,0x02 ,0x02 ,0x03 ,0x02,
0x00 ,0xFF ,0x02 ,0x01 ,0x1E ,0x02 ,0x00 ,0x01 ,0x78 ,0x02 ,0x00 ,0x02 ,0x00 ,0xFF ,0x02 ,0x01,
0x14 ,0x02 ,0x00 ,0x01 ,0x4C ,0x02 ,0x00 ,0x01 ,0x00 ,0xFF ,0x02 ,0x01 ,0x1E ,0x01 ,0x00 ,0x05,
0x5C ,0x00 ,0x09 ,0x56 ,0x00 ,0x10 ,0x7E ,0x04 ,0x00 ,0x5C ,0x06 ,0x09 ,0x56 ,0x06 ,0x10 ,0x02,
0x00 ,0xFF ,0x02 ,0x01 ,0x14 ,0x02 ,0x00 ,0x05 ,0x40 ,0x01 ,0x00 ,0x30 ,0x07 ,0x09 ,0x2C ,0x07,
0x10 ,0x28 ,0x09 ,0x09 ,0x24 ,0x09 ,0x10 ,0x02 ,0x00 ,0xFF ,0x02 ,0x01 ,0x14 ,0x02 ,0x00 ,0x01,
0x56 ,0x02 ,0x00 ,0x03 ,0x00 ,0xFF ,0x02 ,0x01 ,0x1E ,0x03 ,0x00 ,0x01 ,0x78 ,0x03 ,0x00 ,0x02,
0x00 ,0xFF ,0x02 ,0x01 ,0x14 ,0x02 ,0x00 ,0x01 ,0x56 ,0x02 ,0x00 ,0x00 ,0x00 ,0xFF ,0x00 ,0x00,
0x00 ,0x00 ,0x02 ,0x00 ,0xFF ,0x02 ,0x01 ,0x14 ,0x02 ,0x00 ,0x01 ,0x5C ,0x02 ,0x00 ,0x02 ,0x00,
0xFF ,0x02 ,0x01 ,0x17 ,0x02 ,0x00 ,0x01 ,0x5C ,0x02 ,0x00 ,0x02 ,0x00 ,0xFF ,0x02 ,0x01 ,0x14,
0x02 ,0x00 ,0x01 ,0x62 ,0x02 ,0x00 ,0x02 ,0x00 ,0xFF ,0x02 ,0x01 ,0x14 ,0x02 ,0x00 ,0x02 ,0x58,
0x02 ,0x09 ,0x54 ,0x02 ,0x10 ,0x02 ,0x00 ,0xFF ,0x02 ,0x01 ,0x17 ,0x02 ,0x00 ,0x01 ,0x5C ,0x02,
0x00 ,0x01 ,0x00 ,0xFF ,0x02 ,0x01 ,0x1E ,0x01 ,0x00 ,0x01 ,0x50 ,0x01 ,0x00 ,0x01 ,0x00 ,0xFF,
0x02 ,0x01 ,0x1E ,0x01 ,0x00 ,0x04 ,0x54 ,0x00 ,0x10 ,0x5A ,0x01 ,0x09 ,0x5E ,0x04 ,0x10 ,0x52,
0x06 ,0x10 ,0x02 ,0x00 ,0xFF ,0x02 ,0x01 ,0x1E ,0x02 ,0x00 ,0x08 ,0x54 ,0x00 ,0x10 ,0x5A ,0x01,
0x09 ,0x5E ,0x04 ,0x10 ,0x52 ,0x06 ,0x10 ,0x52 ,0x07 ,0x09 ,0x4A ,0x07 ,0x10 ,0x4A ,0x09 ,0x09,
0x42 ,0x09 ,0x10 ,0x02 ,0x00 ,0x01 ,0x02 ,0x01 ,0x14 ,0x02 ,0x00 ,0x05 ,0x40 ,0x01 ,0x00 ,0x30,
0x07 ,0x09 ,0x2C ,0x07 ,0x10 ,0x28 ,0x09 ,0x09 ,0x24 ,0x09 ,0x10 ,0x02 ,0x00 ,0x01 ,0x02 ,0x01,
0x14 ,0x02 ,0x00 ,0x05 ,0x40 ,0x01 ,0x00 ,0x30 ,0x07 ,0x09 ,0x2C ,0x07 ,0x10 ,0x28 ,0x09 ,0x09,
0x24 ,0x09 ,0x10 ,0x04 ,0x01 ,0x78 ,0x02 ,0x04 ,0x05 ,0x01 ,0x40 ,0x00 ,0x01 ,0x84 ,0x04 ,0x01,
0x78 ,0x02 ,0x0E ,0x81 ,0x04 ,0x04 ,0x40 ,0x00 ,0x00 ,0x19 ,0x00 ,0x01 ,0x25 ,0x00 ,0x02 ,0x31,
0x00 ,0x03 ,0x04 ,0x03 ,0x4C ,0x02 ,0x06 ,0x34 ,0x02 ,0x07 ,0x40 ,0x02 ,0x0F ,0x05 ,0x01 ,0x40,
0x00 ,0x00 ,0x84 ,0x04 ,0x08 ,0x0D ,0x02 ,0x01 ,0x3D ,0x02 ,0x03 ,0x4C ,0x02 ,0x04 ,0x34 ,0x02,
0x05 ,0x40 ,0x02 ,0x16 ,0x19 ,0x02 ,0x17 ,0x31 ,0x02 ,0x18 ,0x25 ,0x02 ,0x1B ,0x81 ,0x04 ,0x04,
0x40 ,0x00 ,0x00 ,0x19 ,0x00 ,0x01 ,0x25 ,0x00 ,0x02 ,0x31 ,0x00 ,0x03 ,0x04 ,0x09 ,0x56 ,0x00,
0x06 ,0x54 ,0x00 ,0x0C ,0x4C ,0x00 ,0x0D ,0x7E ,0x04 ,0x06 ,0x72 ,0x04 ,0x0C ,0x6A ,0x04 ,0x0D,
0x56 ,0x06 ,0x06 ,0x54 ,0x06 ,0x0C ,0x4C ,0x06 ,0x0D ,0x05 ,0x01 ,0x40 ,0x00 ,0x00 ,0x84 ,0x04,
0x22 ,0x2F ,0x00 ,0x00 ,0x3B ,0x00 ,0x02 ,0x47 ,0x00 ,0x03 ,0x56 ,0x00 ,0x04 ,0x25 ,0x00 ,0x06,
0x2D ,0x00 ,0x07 ,0x31 ,0x00 ,0x08 ,0x39 ,0x00 ,0x09 ,0x3D ,0x00 ,0x0A ,0x45 ,0x00 ,0x0B ,0x4C,
0x00 ,0x0C ,0x54 ,0x00 ,0x0D ,0x6F ,0x04 ,0x03 ,0x7E ,0x04 ,0x04 ,0x43 ,0x04 ,0x06 ,0x4B ,0x04,
0x07 ,0x4F ,0x04 ,0x08 ,0x5B ,0x04 ,0x0A ,0x6A ,0x04 ,0x0C ,0x72 ,0x04 ,0x0D ,0x57 ,0x04 ,0x10,
0x63 ,0x04 ,0x12 ,0x2F ,0x06 ,0x00 ,0x3B ,0x06 ,0x02 ,0x47 ,0x06 ,0x03 ,0x56 ,0x06 ,0x04 ,0x25,
0x06 ,0x06 ,0x2D ,0x06 ,0x07 ,0x31 ,0x06 ,0x08 ,0x39 ,0x06 ,0x09 ,0x3D ,0x06 ,0x0A ,0x45 ,0x06,
0x0B ,0x4C ,0x06 ,0x0C ,0x54 ,0x06 ,0x0D ,0x81 ,0x04 ,0x04 ,0x40 ,0x00 ,0x00 ,0x19 ,0x00 ,0x01,
0x25 ,0x00 ,0x02 ,0x31 ,0x00 ,0x03 ,0x04 ,0x09 ,0x40 ,0x01 ,0x06 ,0x28 ,0x01 ,0x07 ,0x34 ,0x01,
0x0F ,0x30 ,0x07 ,0x06 ,0x18 ,0x07 ,0x07 ,0x24 ,0x07 ,0x0F ,0x28 ,0x09 ,0x06 ,0x10 ,0x09 ,0x07,
0x1C ,0x09 ,0x0F ,0x05 ,0x01 ,0x40 ,0x00 ,0x01 ,0x84 ,0x04 ,0x18 ,0x01 ,0x01 ,0x01 ,0x31 ,0x01,
0x03 ,0x40 ,0x01 ,0x04 ,0x28 ,0x01 ,0x05 ,0x34 ,0x01 ,0x16 ,0x0D ,0x01 ,0x17 ,0x25 ,0x01 ,0x18,
0x19 ,0x01 ,0x1B ,0xF1 ,0x07 ,0x01 ,0x21 ,0x07 ,0x03 ,0x30 ,0x07 ,0x04 ,0x18 ,0x07 ,0x05 ,0x24,
0x07 ,0x16 ,0xFD ,0x07 ,0x17 ,0x15 ,0x07 ,0x18 ,0x09 ,0x07 ,0x1B ,0xE9 ,0x09 ,0x01 ,0x19 ,0x09,
0x03 ,0x28 ,0x09 ,0x04 ,0x10 ,0x09 ,0x05 ,0x1C ,0x09 ,0x16 ,0xF5 ,0x09 ,0x17 ,0x0D ,0x09 ,0x18,
0x01 ,0x09 ,0x1B ,0x81 ,0x04 ,0x04 ,0x40 ,0x00 ,0x00 ,0x19 ,0x00 ,0x01 ,0x25 ,0x00 ,0x02 ,0x31,
0x00 ,0x03 ,0x04 ,0x03 ,0x56 ,0x02 ,0x06 ,0x3E ,0x02 ,0x07 ,0x4A ,0x02 ,0x0F ,0x05 ,0x01 ,0x40,
0x00 ,0x00 ,0x84 ,0x04 ,0x08 ,0x17 ,0x02 ,0x01 ,0x47 ,0x02 ,0x03 ,0x56 ,0x02 ,0x04 ,0x3E ,0x02,
0x05 ,0x4A ,0x02 ,0x16 ,0x23 ,0x02 ,0x17 ,0x3B ,0x02 ,0x18 ,0x2F ,0x02 ,0x1B ,0x81 ,0x04 ,0x04,
0x40 ,0x00 ,0x00 ,0x19 ,0x00 ,0x01 ,0x25 ,0x00 ,0x02 ,0x31 ,0x00 ,0x03 ,0x04 ,0x01 ,0x78 ,0x03,
0x04 ,0x05 ,0x01 ,0x40 ,0x00 ,0x01 ,0x84 ,0x04 ,0x01 ,0x78 ,0x03 ,0x0E ,0x81 ,0x04 ,0x04 ,0x40,
0x00 ,0x00 ,0x19 ,0x00 ,0x01 ,0x25 ,0x00 ,0x02 ,0x31 ,0x00 ,0x03 ,0x04 ,0x03 ,0x56 ,0x02 ,0x06,
0x3E ,0x02 ,0x07 ,0x4A ,0x02 ,0x0F ,0x05 ,0x01 ,0x40 ,0x00 ,0x00 ,0x84 ,0x04 ,0x08 ,0x17 ,0x02,
0x01 ,0x47 ,0x02 ,0x03 ,0x56 ,0x02 ,0x04 ,0x3E ,0x02 ,0x05 ,0x4A ,0x02 ,0x16 ,0x23 ,0x02 ,0x17,
0x3B ,0x02 ,0x18 ,0x2F ,0x02 ,0x1B ,0x81 ,0x04 ,0x04 ,0x40 ,0x00 ,0x00 ,0x19 ,0x00 ,0x01 ,0x25,
0x00 ,0x02 ,0x31 ,0x00 ,0x03 ,0x04 ,0x03 ,0x56 ,0x02 ,0x06 ,0x3E ,0x02 ,0x07 ,0x4A ,0x02 ,0x0F,
0x05 ,0x01 ,0x40 ,0x00 ,0x00 ,0x84 ,0x04 ,0x08 ,0x17 ,0x02 ,0x01 ,0x47 ,0x02 ,0x03 ,0x56 ,0x02,
0x04 ,0x3E ,0x02 ,0x05 ,0x4A ,0x02 ,0x16 ,0x23 ,0x02 ,0x17 ,0x3B ,0x02 ,0x18 ,0x2F ,0x02 ,0x1B,
0x81 ,0x04 ,0x04 ,0x40 ,0x00 ,0x00 ,0x19 ,0x00 ,0x01 ,0x25 ,0x00 ,0x02 ,0x31 ,0x00 ,0x03 ,0x04,
0x03 ,0x5C ,0x02 ,0x06 ,0x44 ,0x02 ,0x07 ,0x50 ,0x02 ,0x0F ,0x05 ,0x01 ,0x40 ,0x00 ,0x00 ,0x84,
0x04 ,0x08 ,0x1D ,0x02 ,0x01 ,0x4D ,0x02 ,0x03 ,0x5C ,0x02 ,0x04 ,0x44 ,0x02 ,0x05 ,0x50 ,0x02,
0x16 ,0x29 ,0x02 ,0x17 ,0x41 ,0x02 ,0x18 ,0x35 ,0x02 ,0x1B ,0x81 ,0x04 ,0x04 ,0x40 ,0x00 ,0x00,
0x19 ,0x00 ,0x01 ,0x25 ,0x00 ,0x02 ,0x31 ,0x00 ,0x03 ,0x04 ,0x03 ,0x62 ,0x02 ,0x06 ,0x4A ,0x02,
0x07 ,0x56 ,0x02 ,0x0F ,0x05 ,0x01 ,0x40 ,0x00 ,0x00 ,0x84 ,0x04 ,0x08 ,0x23 ,0x02 ,0x01 ,0x53,
0x02 ,0x03 ,0x62 ,0x02 ,0x04 ,0x4A ,0x02 ,0x05 ,0x56 ,0x02 ,0x16 ,0x2F ,0x02 ,0x17 ,0x47 ,0x02,
0x18 ,0x3B ,0x02 ,0x1B ,0x81 ,0x04 ,0x04 ,0x40 ,0x00 ,0x00 ,0x19 ,0x00 ,0x01 ,0x25 ,0x00 ,0x02,
0x31 ,0x00 ,0x03 ,0x04 ,0x07 ,0x54 ,0x02 ,0x01 ,0x50 ,0x02 ,0x02 ,0x38 ,0x02 ,0x03 ,0x3C ,0x02,
0x05 ,0x44 ,0x02 ,0x08 ,0x40 ,0x02 ,0x0A ,0x48 ,0x02 ,0x0B ,0x05 ,0x01 ,0x40 ,0x00 ,0x00 ,0x84,
0x04 ,0x08 ,0x11 ,0x02 ,0x01 ,0x41 ,0x02 ,0x03 ,0x50 ,0x02 ,0x04 ,0x38 ,0x02 ,0x05 ,0x44 ,0x02,
0x16 ,0x1D ,0x02 ,0x17 ,0x35 ,0x02 ,0x18 ,0x29 ,0x02 ,0x1B ,0x81 ,0x04 ,0x04 ,0x40 ,0x00 ,0x00,
0x19 ,0x00 ,0x01 ,0x25 ,0x00 ,0x02 ,0x31 ,0x00 ,0x03 ,0x04 ,0x03 ,0x50 ,0x02 ,0x06 ,0x34 ,0x02,
0x07 ,0x40 ,0x02 ,0x0F ,0x05 ,0x01 ,0x40 ,0x00 ,0x00 ,0x84 ,0x04 ,0x0A ,0x29 ,0x02 ,0x00 ,0x0D,
0x02 ,0x01 ,0x35 ,0x02 ,0x02 ,0x41 ,0x02 ,0x03 ,0x50 ,0x02 ,0x04 ,0x34 ,0x02 ,0x05 ,0x31 ,0x02,
0x14 ,0x40 ,0x02 ,0x16 ,0x19 ,0x02 ,0x17 ,0x25 ,0x02 ,0x19 ,0x81 ,0x04 ,0x04 ,0x40 ,0x00 ,0x00,
0x19 ,0x00 ,0x01 ,0x25 ,0x00 ,0x02 ,0x31 ,0x00 ,0x03 ,0x04 ,0x02 ,0x44 ,0x01 ,0x0D ,0x50 ,0x01,
0x0E ,0x05 ,0x01 ,0x40 ,0x00 ,0x00 ,0x84 ,0x04 ,0x06 ,0x1D ,0x01 ,0x06 ,0x44 ,0x01 ,0x0C ,0x41,
0x01 ,0x13 ,0x50 ,0x01 ,0x15 ,0x29 ,0x01 ,0x1A ,0x35 ,0x01 ,0x1C ,0x81 ,0x04 ,0x04 ,0x40 ,0x00,
0x00 ,0x19 ,0x00 ,0x01 ,0x25 ,0x00 ,0x02 ,0x31 ,0x00 ,0x03 ,0x04 ,0x09 ,0x4C ,0x00 ,0x06 ,0x48,
0x00 ,0x0C ,0x40 ,0x00 ,0x0D ,0x5E ,0x04 ,0x06 ,0x52 ,0x04 ,0x0C ,0x46 ,0x04 ,0x0D ,0x54 ,0x06,
0x06 ,0x48 ,0x06 ,0x0C ,0x46 ,0x06 ,0x0D ,0x05 ,0x01 ,0x40 ,0x00 ,0x00 ,0x84 ,0x04 ,0x1A ,0x3D,
0x00 ,0x03 ,0x4C ,0x00 ,0x04 ,0x19 ,0x00 ,0x06 ,0x21 ,0x00 ,0x07 ,0x2D ,0x00 ,0x09 ,0x39 ,0x00,
0x0B ,0x40 ,0x00 ,0x0C ,0x48 ,0x00 ,0x0D ,0x25 ,0x00 ,0x0F ,0x31 ,0x00 ,0x11 ,0x4F ,0x04 ,0x03,
0x5E ,0x04 ,0x04 ,0x2B ,0x04 ,0x07 ,0x52 ,0x04 ,0x0D ,0x37 ,0x04 ,0x10 ,0x43 ,0x04 ,0x12 ,0x1F,
0x05 ,0x06 ,0x2B ,0x05 ,0x08 ,0x37 ,0x05 ,0x0A ,0x46 ,0x05 ,0x0C ,0x45 ,0x06 ,0x03 ,0x54 ,0x06,
0x04 ,0x21 ,0x06 ,0x07 ,0x48 ,0x06 ,0x0D ,0x2D ,0x06 ,0x10 ,0x39 ,0x06 ,0x12 ,0x81 ,0x04 ,0x04,
0x40 ,0x00 ,0x00 ,0x19 ,0x00 ,0x01 ,0x25 ,0x00 ,0x02 ,0x31 ,0x00 ,0x03 ,0x04 ,0x0F ,0x4C ,0x00,
0x06 ,0x48 ,0x00 ,0x0C ,0x40 ,0x00 ,0x0D ,0x5E ,0x04 ,0x06 ,0x52 ,0x04 ,0x0C ,0x46 ,0x04 ,0x0D,
0x54 ,0x06 ,0x06 ,0x48 ,0x06 ,0x0C ,0x46 ,0x06 ,0x0D ,0x4C ,0x07 ,0x06 ,0x40 ,0x07 ,0x0C ,0x3E,
0x07 ,0x0D ,0x44 ,0x09 ,0x06 ,0x38 ,0x09 ,0x0C ,0x36 ,0x09 ,0x0D ,0x05 ,0x01 ,0x40 ,0x00 ,0x00,
0x84 ,0x04 ,0x2E ,0x3D ,0x00 ,0x03 ,0x4C ,0x00 ,0x04 ,0x19 ,0x00 ,0x06 ,0x21 ,0x00 ,0x07 ,0x2D,
0x00 ,0x09 ,0x39 ,0x00 ,0x0B ,0x40 ,0x00 ,0x0C ,0x48 ,0x00 ,0x0D ,0x25 ,0x00 ,0x0F ,0x31 ,0x00,
0x11 ,0x4F ,0x04 ,0x03 ,0x5E ,0x04 ,0x04 ,0x2B ,0x04 ,0x07 ,0x52 ,0x04 ,0x0D ,0x37 ,0x04 ,0x10,
0x43 ,0x04 ,0x12 ,0x1F ,0x05 ,0x06 ,0x2B ,0x05 ,0x08 ,0x37 ,0x05 ,0x0A ,0x46 ,0x05 ,0x0C ,0x45,
0x06 ,0x03 ,0x54 ,0x06 ,0x04 ,0x21 ,0x06 ,0x07 ,0x48 ,0x06 ,0x0D ,0x2D ,0x06 ,0x10 ,0x39 ,0x06,
0x12 ,0x3D ,0x07 ,0x03 ,0x4C ,0x07 ,0x04 ,0x17 ,0x07 ,0x06 ,0x19 ,0x07 ,0x07 ,0x23 ,0x07 ,0x08,
0x2F ,0x07 ,0x0A ,0x3E ,0x07 ,0x0C ,0x40 ,0x07 ,0x0D ,0x25 ,0x07 ,0x10 ,0x31 ,0x07 ,0x12 ,0x35,
0x09 ,0x03 ,0x44 ,0x09 ,0x04 ,0x0F ,0x09 ,0x06 ,0x11 ,0x09 ,0x07 ,0x1B ,0x09 ,0x08 ,0x27 ,0x09,
0x0A ,0x36 ,0x09 ,0x0C ,0x38 ,0x09 ,0x0D ,0x1D ,0x09 ,0x10 ,0x29 ,0x09 ,0x12 ,0x81 ,0x04 ,0x04,
0x40 ,0x00 ,0x00 ,0x19 ,0x00 ,0x01 ,0x25 ,0x00 ,0x02 ,0x31 ,0x00 ,0x03 ,0x04 ,0x09 ,0x40 ,0x01,
0x06 ,0x28 ,0x01 ,0x07 ,0x34 ,0x01 ,0x0F ,0x30 ,0x07 ,0x06 ,0x18 ,0x07 ,0x07 ,0x24 ,0x07 ,0x0F,
0x28 ,0x09 ,0x06 ,0x10 ,0x09 ,0x07 ,0x1C ,0x09 ,0x0F ,0x05 ,0x01 ,0x40 ,0x00 ,0x00 ,0x84 ,0x04,
0x18 ,0x01 ,0x01 ,0x01 ,0x31 ,0x01 ,0x03 ,0x40 ,0x01 ,0x04 ,0x28 ,0x01 ,0x05 ,0x34 ,0x01 ,0x16,
0x0D ,0x01 ,0x17 ,0x25 ,0x01 ,0x18 ,0x19 ,0x01 ,0x1B ,0xF1 ,0x07 ,0x01 ,0x21 ,0x07 ,0x03 ,0x30,
0x07 ,0x04 ,0x18 ,0x07 ,0x05 ,0x24 ,0x07 ,0x16 ,0xFD ,0x07 ,0x17 ,0x15 ,0x07 ,0x18 ,0x09 ,0x07,
0x1B ,0xE9 ,0x09 ,0x01 ,0x19 ,0x09 ,0x03 ,0x28 ,0x09 ,0x04 ,0x10 ,0x09 ,0x05 ,0x1C ,0x09 ,0x16,
0xF5 ,0x09 ,0x17 ,0x0D ,0x09 ,0x18 ,0x01 ,0x09 ,0x1B ,0x81 ,0x04 ,0x04 ,0x40 ,0x00 ,0x00 ,0x19,
0x00 ,0x01 ,0x25 ,0x00 ,0x02 ,0x31 ,0x00 ,0x03 ,0x04 ,0x09 ,0x40 ,0x01 ,0x06 ,0x28 ,0x01 ,0x07,
0x34 ,0x01 ,0x0F ,0x30 ,0x07 ,0x06 ,0x18 ,0x07 ,0x07 ,0x24 ,0x07 ,0x0F ,0x28 ,0x09 ,0x06 ,0x10,
0x09 ,0x07 ,0x1C ,0x09 ,0x0F ,0x05 ,0x01 ,0x40 ,0x00 ,0x00 ,0x84 ,0x04 ,0x18 ,0x01 ,0x01 ,0x01,
0x31 ,0x01 ,0x03 ,0x40 ,0x01 ,0x04 ,0x28 ,0x01 ,0x05 ,0x34 ,0x01 ,0x16 ,0x0D ,0x01 ,0x17 ,0x25,
0x01 ,0x18 ,0x19 ,0x01 ,0x1B ,0xF1 ,0x07 ,0x01 ,0x21 ,0x07 ,0x03 ,0x30 ,0x07 ,0x04 ,0x18 ,0x07,
0x05 ,0x24 ,0x07 ,0x16 ,0xFD ,0x07 ,0x17 ,0x15 ,0x07 ,0x18 ,0x09 ,0x07 ,0x1B ,0xE9 ,0x09 ,0x01,
0x19 ,0x09 ,0x03 ,0x28 ,0x09 ,0x04 ,0x10 ,0x09 ,0x05 ,0x1C ,0x09 ,0x16 ,0xF5 ,0x09 ,0x17 ,0x0D,
0x09 ,0x18 ,0x01 ,0x09 ,0x1B ,0x81 ,0x04 ,0x04 ,0x40 ,0x00 ,0x00 ,0x19 ,0x00 ,0x01 ,0x25 ,0x00,
0x02 ,0x31 ,0x00 ,0x03 ,0x00 ,0x00 ,0xFF ,0x00 ,0x00 ,0x00 ,0x00 ,0x0E ,0x00 ,0xFF ,0x02 ,0x01,
0x1E ,0x08 ,0x00 ,0x01 ,0x78 ,0x08 ,0x0C ,0x0E ,0x02 ,0xFF ,0x02 ,0x01 ,0x1E ,0x08 ,0x00 ,0x01,
0x78 ,0x08 ,0x0C ,0x08 ,0x01 ,0xFF ,0x02 ,0x03 ,0x17 ,0x03 ,0x1E ,0x12 ,0x1E ,0x19 ,0x00 ,0x0A,
0x4C ,0x00 ,0x0C ,0x54 ,0x0A ,0x0C ,0x4C ,0x10 ,0x0C ,0x54 ,0x15 ,0x0C ,0x54 ,0x17 ,0x0C ,0x4C,
0x1A ,0x0C ,0x54 ,0x1B ,0x0C ,0x4C ,0x1D ,0x0C ,0x54 ,0x20 ,0x0C ,0x4C ,0x22 ,0x0C ,0x07 ,0x02,
0xFF ,0x02 ,0x04 ,0x17 ,0x02 ,0x18 ,0x0D ,0x18 ,0x18 ,0x1E ,0x1E ,0x00 ,0x0A ,0x50 ,0x00 ,0x0C,
0x5A ,0x0A ,0x0C ,0x50 ,0x10 ,0x0C ,0x5A ,0x15 ,0x0C ,0x56 ,0x17 ,0x0C ,0x50 ,0x1A ,0x0C ,0x56,
0x1B ,0x0C ,0x6E ,0x1D ,0x0C ,0x76 ,0x20 ,0x0C ,0x6E ,0x22 ,0x0C ,0x06 ,0x01 ,0xFF ,0x02 ,0x02,
0x17 ,0x03 ,0x1E ,0x1E ,0x00 ,0x07 ,0x30 ,0x00 ,0x0C ,0x38 ,0x09 ,0x0C ,0x3A ,0x0C ,0x0C ,0x32,
0x0F ,0x0C ,0x3E ,0x1D ,0x0C ,0x46 ,0x20 ,0x0C ,0x3E ,0x22 ,0x0C ,0x09 ,0x01 ,0xFF ,0x02 ,0x02,
0x17 ,0x03 ,0x1E ,0x13 ,0x00 ,0x01 ,0x54 ,0x05 ,0x0C ,0x0A ,0x01 ,0xFF ,0x02 ,0x03 ,0x17 ,0x03,
0x1E ,0x13 ,0x0E ,0x1E ,0x00 ,0x02 ,0x54 ,0x05 ,0x0C ,0x3E ,0x1E ,0x0C ,0x0D ,0x01 ,0xFF ,0x02,
0x03 ,0x17 ,0x03 ,0x1E ,0x14 ,0x17 ,0x1E ,0x00 ,0x02 ,0x54 ,0x05 ,0x0C ,0x3E ,0x1C ,0x0C ,0x0B,
0x01 ,0xFF ,0x02 ,0x02 ,0x18 ,0x06 ,0x1E ,0x1E ,0x00 ,0x09 ,0x54 ,0x00 ,0x0C ,0x5C ,0x0A ,0x0C,
0x54 ,0x10 ,0x0C ,0x5C ,0x16 ,0x0C ,0x54 ,0x1A ,0x0C ,0x5C ,0x1B ,0x0C ,0x54 ,0x1D ,0x0C ,0x5C,
0x20 ,0x0C ,0x54 ,0x22 ,0x0C ,0x05 ,0x02 ,0xFF ,0x02 ,0x02 ,0x14 ,0x03 ,0x1E ,0x14 ,0x00 ,0x02,
0x62 ,0x03 ,0x0C ,0x66 ,0x14 ,0x0C ,0x05 ,0x00 ,0xFF ,0x02 ,0x02 ,0x14 ,0x03 ,0x1E ,0x14 ,0x00,
0x02 ,0x62 ,0x03 ,0x0C ,0x66 ,0x14 ,0x0C ,0x04 ,0x02 ,0xFF ,0x02 ,0x03 ,0x14 ,0x01 ,0x0E ,0x0B,
0x14 ,0x0E ,0x00 ,0x03 ,0x5C ,0x01 ,0x0C ,0x44 ,0x0B ,0x0C ,0x5C ,0x0E ,0x0C ,0x0B ,0x01 ,0xFF,
0x02 ,0x03 ,0x17 ,0x03 ,0x18 ,0x14 ,0x1E ,0x1E ,0x00 ,0x09 ,0x4C ,0x00 ,0x0C ,0x54 ,0x0A ,0x0C,
0x4C ,0x10 ,0x0C ,0x54 ,0x16 ,0x0C ,0x4C ,0x1A ,0x0C ,0x54 ,0x1B ,0x0C ,0x4C ,0x1D ,0x0C ,0x54,
0x20 ,0x0C ,0x4C ,0x22 ,0x0C ,0x0B ,0x02 ,0xFF ,0x02 ,0x02 ,0x18 ,0x06 ,0x1E ,0x1E ,0x00 ,0x09,
0x48 ,0x00 ,0x0C ,0x50 ,0x0A ,0x0C ,0x48 ,0x10 ,0x0C ,0x50 ,0x16 ,0x0C ,0x48 ,0x1A ,0x0C ,0x50,
0x1B ,0x0C ,0x44 ,0x1D ,0x0C ,0x4C ,0x20 ,0x0C ,0x44 ,0x22 ,0x0C ,0x0C ,0x02 ,0xFF ,0x02 ,0x04,
0x18 ,0x06 ,0x1E ,0x1E ,0x1E ,0x23 ,0x1B ,0x24 ,0x00 ,0x09 ,0x56 ,0x00 ,0x0C ,0x5E ,0x0A ,0x0C,
0x56 ,0x10 ,0x0C ,0x5E ,0x16 ,0x0C ,0x56 ,0x1A ,0x0C ,0x5E ,0x1B ,0x0C ,0x56 ,0x1D ,0x0C ,0x5E,
0x21 ,0x0C ,0x56 ,0x25 ,0x0C ,0x0B ,0x01 ,0x00 ,0x02 ,0x02 ,0x17 ,0x06 ,0x1E ,0x1E ,0x00 ,0x0B,
0x30 ,0x00 ,0x0C ,0x38 ,0x09 ,0x0C ,0x3A ,0x0C ,0x0C ,0x32 ,0x0F ,0x0C ,0x34 ,0x11 ,0x0C ,0x3C,
0x16 ,0x0C ,0x34 ,0x1A ,0x0C ,0x3C ,0x1B ,0x0C ,0x3E ,0x1D ,0x0C ,0x46 ,0x20 ,0x0C ,0x3E ,0x22,
0x0C ,0x0C ,0x01 ,0x00 ,0x02 ,0x04 ,0x18 ,0x06 ,0x1E ,0x1E ,0x1E ,0x23 ,0x1B ,0x24 ,0x00 ,0x09,
0x56 ,0x00 ,0x0C ,0x5E ,0x0A ,0x0C ,0x56 ,0x10 ,0x0C ,0x5E ,0x16 ,0x0C ,0x56 ,0x1A ,0x0C ,0x5E,
0x1B ,0x0C ,0x56 ,0x1D ,0x0C ,0x5E ,0x21 ,0x0C ,0x56 ,0x25 ,0x0C ,0x04 ,0x01 ,0x78 ,0x08 ,0x03,
0x05 ,0x02 ,0x78 ,0x03 ,0x03 ,0x78 ,0x18 ,0x03 ,0x0C ,0x01 ,0x78 ,0x05 ,0x03 ,0x84 ,0x04 ,0x01,
0x78 ,0x08 ,0x0E ,0x85 ,0x04 ,0x02 ,0x78 ,0x03 ,0x13 ,0x78 ,0x18 ,0x13 ,0x88 ,0x04 ,0x01 ,0x78,
0x05 ,0x26 ,0x04 ,0x01 ,0x78 ,0x08 ,0x03 ,0x05 ,0x02 ,0x78 ,0x03 ,0x03 ,0x78 ,0x18 ,0x03 ,0x0C,
0x01 ,0x78 ,0x05 ,0x03 ,0x84 ,0x04 ,0x01 ,0x78 ,0x08 ,0x0E ,0x85 ,0x04 ,0x02 ,0x78 ,0x03 ,0x13,
0x78 ,0x18 ,0x13 ,0x88 ,0x04 ,0x01 ,0x78 ,0x05 ,0x26 ,0x04 ,0x1E ,0x4C ,0x00 ,0x05 ,0x34 ,0x00,
0x06 ,0x40 ,0x00 ,0x0B ,0x54 ,0x0A ,0x05 ,0x3C ,0x0A ,0x06 ,0x48 ,0x0A ,0x0B ,0x4C ,0x10 ,0x05,
0x34 ,0x10 ,0x06 ,0x40 ,0x10 ,0x0B ,0x54 ,0x15 ,0x05 ,0x3C ,0x15 ,0x06 ,0x48 ,0x15 ,0x0B ,0x54,
0x17 ,0x05 ,0x3C ,0x17 ,0x06 ,0x48 ,0x17 ,0x0B ,0x4C ,0x1A ,0x05 ,0x3C ,0x1A ,0x06 ,0x48 ,0x1A,
0x0B ,0x54 ,0x1B ,0x05 ,0x3C ,0x1B ,0x06 ,0x48 ,0x1B ,0x0B ,0x4C ,0x1D ,0x05 ,0x3C ,0x1D ,0x06,
0x48 ,0x1D ,0x0B ,0x54 ,0x20 ,0x05 ,0x3C ,0x20 ,0x06 ,0x48 ,0x20 ,0x0B ,0x4C ,0x22 ,0x05 ,0x3C,
0x22 ,0x06 ,0x48 ,0x22 ,0x0B ,0x05 ,0x18 ,0x38 ,0x00 ,0x07 ,0x50 ,0x00 ,0x08 ,0x44 ,0x00 ,0x0B,
0x40 ,0x06 ,0x07 ,0x58 ,0x06 ,0x08 ,0x4C ,0x06 ,0x0B ,0x38 ,0x0A ,0x07 ,0x50 ,0x0A ,0x08 ,0x44,
0x0A ,0x0B ,0x40 ,0x0D ,0x07 ,0x58 ,0x0D ,0x08 ,0x4C ,0x0D ,0x0B ,0x3C ,0x10 ,0x07 ,0x50 ,0x10,
0x08 ,0x48 ,0x10 ,0x0B ,0x40 ,0x12 ,0x07 ,0x58 ,0x12 ,0x08 ,0x4C ,0x12 ,0x0B ,0x3C ,0x15 ,0x07,
0x54 ,0x15 ,0x08 ,0x48 ,0x15 ,0x0B ,0x40 ,0x17 ,0x07 ,0x58 ,0x17 ,0x08 ,0x4C ,0x17 ,0x0B ,0x0C,
0x12 ,0x3C ,0x00 ,0x06 ,0x58 ,0x00 ,0x07 ,0x48 ,0x00 ,0x0B ,0x40 ,0x06 ,0x06 ,0x56 ,0x06 ,0x07,
0x4C ,0x06 ,0x0B ,0x40 ,0x0A ,0x06 ,0x58 ,0x0A ,0x07 ,0x4C ,0x0A ,0x0B ,0x58 ,0x0F ,0x01 ,0x40,
0x0F ,0x02 ,0x4C ,0x0F ,0x08 ,0x40 ,0x10 ,0x04 ,0x58 ,0x10 ,0x05 ,0x4C ,0x10 ,0x09 ,0x58 ,0x12,
0x01 ,0x40 ,0x12 ,0x02 ,0x4C ,0x12 ,0x08 ,0x84 ,0x04 ,0x3E ,0x0D ,0x00 ,0x01 ,0x3D ,0x00 ,0x03,
0x4C ,0x00 ,0x04 ,0x34 ,0x00 ,0x05 ,0x40 ,0x00 ,0x18 ,0x19 ,0x00 ,0x19 ,0x31 ,0x00 ,0x1A ,0x25,
0x00 ,0x1C ,0x15 ,0x0A ,0x01 ,0x45 ,0x0A ,0x03 ,0x54 ,0x0A ,0x04 ,0x3C ,0x0A ,0x05 ,0x48 ,0x0A,
0x18 ,0x21 ,0x0A ,0x19 ,0x39 ,0x0A ,0x1A ,0x2D ,0x0A ,0x1C ,0x0D ,0x10 ,0x01 ,0x3D ,0x10 ,0x03,
0x4C ,0x10 ,0x04 ,0x34 ,0x10 ,0x05 ,0x40 ,0x10 ,0x18 ,0x19 ,0x10 ,0x19 ,0x31 ,0x10 ,0x1A ,0x25,
0x10 ,0x1C ,0x15 ,0x15 ,0x01 ,0x45 ,0x15 ,0x03 ,0x54 ,0x15 ,0x04 ,0x3C ,0x15 ,0x05 ,0x48 ,0x15,
0x18 ,0x21 ,0x15 ,0x19 ,0x39 ,0x15 ,0x1A ,0x2D ,0x15 ,0x1C ,0x2D ,0x17 ,0x00 ,0x39 ,0x17 ,0x02,
0x45 ,0x17 ,0x03 ,0x54 ,0x17 ,0x04 ,0x15 ,0x19 ,0x01 ,0x3C ,0x19 ,0x05 ,0x39 ,0x19 ,0x16 ,0x48,
0x19 ,0x18 ,0x21 ,0x19 ,0x19 ,0x2D ,0x19 ,0x1B ,0x25 ,0x1A ,0x00 ,0x31 ,0x1A ,0x02 ,0x3D ,0x1A,
0x03 ,0x4C ,0x1A ,0x04 ,0x2D ,0x1B ,0x00 ,0x39 ,0x1B ,0x02 ,0x45 ,0x1B ,0x03 ,0x54 ,0x1B ,0x04,
0x25 ,0x1D ,0x00 ,0x31 ,0x1D ,0x02 ,0x3D ,0x1D ,0x03 ,0x4C ,0x1D ,0x04 ,0x2D ,0x20 ,0x00 ,0x39,
0x20 ,0x02 ,0x45 ,0x20 ,0x03 ,0x54 ,0x20 ,0x04 ,0x25 ,0x22 ,0x00 ,0x31 ,0x22 ,0x02 ,0x3D ,0x22,
0x03 ,0x4C ,0x22 ,0x04 ,0x85 ,0x04 ,0x4A ,0x0D ,0x00 ,0x01 ,0x3D ,0x00 ,0x03 ,0x4C ,0x00 ,0x04,
0x34 ,0x00 ,0x05 ,0x50 ,0x00 ,0x06 ,0x38 ,0x00 ,0x07 ,0x40 ,0x00 ,0x1E ,0x44 ,0x00 ,0x20 ,0x19,
0x00 ,0x21 ,0x31 ,0x00 ,0x22 ,0x25 ,0x00 ,0x26 ,0x15 ,0x06 ,0x01 ,0x45 ,0x06 ,0x03 ,0x54 ,0x06,
0x04 ,0x3C ,0x06 ,0x05 ,0x58 ,0x06 ,0x06 ,0x40 ,0x06 ,0x07 ,0x48 ,0x06 ,0x1E ,0x4C ,0x06 ,0x20,
0x21 ,0x06 ,0x21 ,0x39 ,0x06 ,0x22 ,0x2D ,0x06 ,0x26 ,0x0D ,0x0A ,0x01 ,0x3D ,0x0A ,0x03 ,0x4C,
0x0A ,0x04 ,0x34 ,0x0A ,0x05 ,0x50 ,0x0A ,0x06 ,0x38 ,0x0A ,0x07 ,0x40 ,0x0A ,0x1E ,0x44 ,0x0A,
0x20 ,0x19 ,0x0A ,0x21 ,0x31 ,0x0A ,0x22 ,0x25 ,0x0A ,0x26 ,0x15 ,0x0D ,0x01 ,0x45 ,0x0D ,0x03,
0x54 ,0x0D ,0x04 ,0x3C ,0x0D ,0x05 ,0x58 ,0x0D ,0x06 ,0x40 ,0x0D ,0x07 ,0x48 ,0x0D ,0x1E ,0x4C,
0x0D ,0x20 ,0x21 ,0x0D ,0x21 ,0x39 ,0x0D ,0x22 ,0x2D ,0x0D ,0x26 ,0x2D ,0x10 ,0x00 ,0x39 ,0x10,
0x02 ,0x45 ,0x10 ,0x03 ,0x54 ,0x10 ,0x04 ,0x50 ,0x10 ,0x06 ,0x3C ,0x10 ,0x07 ,0x48 ,0x10 ,0x20,
0x15 ,0x11 ,0x01 ,0x3C ,0x11 ,0x05 ,0x39 ,0x11 ,0x1B ,0x48 ,0x11 ,0x1E ,0x21 ,0x11 ,0x21 ,0x2D,
0x11 ,0x23 ,0x58 ,0x12 ,0x06 ,0x40 ,0x12 ,0x07 ,0x4C ,0x12 ,0x20 ,0x25 ,0x13 ,0x00 ,0x31 ,0x13,
0x02 ,0x3D ,0x13 ,0x03 ,0x4C ,0x13 ,0x04 ,0x54 ,0x15 ,0x06 ,0x3C ,0x15 ,0x07 ,0x48 ,0x15 ,0x20,
0x2D ,0x17 ,0x00 ,0x39 ,0x17 ,0x02 ,0x45 ,0x17 ,0x03 ,0x54 ,0x17 ,0x04 ,0x58 ,0x17 ,0x06 ,0x40,
0x17 ,0x07 ,0x4C ,0x17 ,0x20 ,0x88 ,0x04 ,0x20 ,0x58 ,0x00 ,0x08 ,0x3C ,0x00 ,0x09 ,0x48 ,0x00,
0x25 ,0x0D ,0x02 ,0x01 ,0x3D ,0x02 ,0x03 ,0x4C ,0x02 ,0x04 ,0x34 ,0x02 ,0x05 ,0x50 ,0x02 ,0x06,
0x38 ,0x02 ,0x07 ,0x40 ,0x02 ,0x20 ,0x44 ,0x02 ,0x24 ,0x19 ,0x02 ,0x27 ,0x31 ,0x02 ,0x28 ,0x25,
0x02 ,0x31 ,0x56 ,0x06 ,0x08 ,0x40 ,0x07 ,0x09 ,0x4C ,0x07 ,0x25 ,0x58 ,0x0A ,0x08 ,0x50 ,0x0F,
0x06 ,0x25 ,0x10 ,0x00 ,0x15 ,0x10 ,0x01 ,0x31 ,0x10 ,0x02 ,0x3D ,0x10 ,0x03 ,0x58 ,0x10 ,0x08,
0x40 ,0x10 ,0x09 ,0x3C ,0x10 ,0x15 ,0x39 ,0x10 ,0x1D ,0x21 ,0x10 ,0x27 ,0x2D ,0x10 ,0x29 ,0x4C,
0x10 ,0x2A ,0x48 ,0x10 ,0x35 ,0x54 ,0x12 ,0x06 ,0x04 ,0x1E ,0x56 ,0x00 ,0x05 ,0x4A ,0x00 ,0x09,
0x42 ,0x00 ,0x0A ,0x5A ,0x0A ,0x05 ,0x52 ,0x0A ,0x09 ,0x4A ,0x0A ,0x0A ,0x50 ,0x10 ,0x05 ,0x4A,
0x10 ,0x09 ,0x42 ,0x10 ,0x0A ,0x5A ,0x15 ,0x05 ,0x52 ,0x15 ,0x09 ,0x4A ,0x15 ,0x0A ,0x56 ,0x17,
0x05 ,0x52 ,0x17 ,0x09 ,0x4A ,0x17 ,0x0A ,0x54 ,0x1A ,0x05 ,0x4A ,0x1A ,0x09 ,0x42 ,0x1A ,0x0A,
0x5A ,0x1B ,0x05 ,0x52 ,0x1B ,0x09 ,0x4A ,0x1B ,0x0A ,0x6E ,0x1D ,0x05 ,0x62 ,0x1D ,0x09 ,0x5A,
0x1D ,0x0A ,0x76 ,0x20 ,0x05 ,0x6A ,0x20 ,0x09 ,0x62 ,0x20 ,0x0A ,0x6E ,0x22 ,0x05 ,0x62 ,0x22,
0x09 ,0x5A ,0x22 ,0x0A ,0x05 ,0x1B ,0x4A ,0x00 ,0x07 ,0x5A ,0x00 ,0x08 ,0x52 ,0x00 ,0x0B ,0x52,
0x06 ,0x07 ,0x62 ,0x06 ,0x08 ,0x5A ,0x06 ,0x0B ,0x36 ,0x09 ,0x07 ,0x42 ,0x09 ,0x08 ,0x3E ,0x09,
0x0B ,0x3E ,0x0B ,0x07 ,0x4A ,0x0B ,0x08 ,0x46 ,0x0B ,0x0B ,0x52 ,0x0D ,0x07 ,0x62 ,0x0D ,0x08,
0x5A ,0x0D ,0x0B ,0x4A ,0x10 ,0x07 ,0x5A ,0x10 ,0x08 ,0x52 ,0x10 ,0x0B ,0x52 ,0x12 ,0x07 ,0x62,
0x12 ,0x08 ,0x5A ,0x12 ,0x0B ,0x62 ,0x15 ,0x07 ,0x74 ,0x15 ,0x08 ,0x6A ,0x15 ,0x0B ,0x60 ,0x17,
0x07 ,0x76 ,0x17 ,0x08 ,0x68 ,0x17 ,0x0B ,0x0C ,0x0F ,0x42 ,0x00 ,0x06 ,0x4E ,0x00 ,0x07 ,0x4A,
0x00 ,0x0B ,0x40 ,0x06 ,0x06 ,0x4C ,0x06 ,0x07 ,0x48 ,0x06 ,0x0B ,0x46 ,0x0A ,0x06 ,0x52 ,0x0A,
0x07 ,0x4E ,0x0A ,0x0B ,0x52 ,0x0F ,0x06 ,0x62 ,0x0F ,0x07 ,0x5A ,0x0F ,0x0B ,0x62 ,0x12 ,0x06,
0x76 ,0x12 ,0x07 ,0x6A ,0x12 ,0x0B ,0x84 ,0x04 ,0x6E ,0x47 ,0x00 ,0x03 ,0x56 ,0x00 ,0x04 ,0x1B,
0x00 ,0x06 ,0x23 ,0x00 ,0x07 ,0x27 ,0x00 ,0x08 ,0x33 ,0x00 ,0x0A ,0x42 ,0x00 ,0x0C ,0x4A ,0x00,
0x0D ,0x2F ,0x00 ,0x11 ,0x3B ,0x00 ,0x14 ,0x33 ,0x0A ,0x00 ,0x3F ,0x0A ,0x02 ,0x4B ,0x0A ,0x03,
0x5A ,0x0A ,0x04 ,0x23 ,0x0A ,0x06 ,0x2B ,0x0A ,0x07 ,0x2F ,0x0A ,0x08 ,0x37 ,0x0A ,0x09 ,0x3B,
0x0A ,0x0A ,0x43 ,0x0A ,0x0B ,0x4A ,0x0A ,0x0C ,0x52 ,0x0A ,0x0D ,0x29 ,0x10 ,0x00 ,0x35 ,0x10,
0x02 ,0x41 ,0x10 ,0x03 ,0x50 ,0x10 ,0x04 ,0x1B ,0x10 ,0x06 ,0x23 ,0x10 ,0x07 ,0x27 ,0x10 ,0x08,
0x2F ,0x10 ,0x09 ,0x33 ,0x10 ,0x0A ,0x3B ,0x10 ,0x0B ,0x42 ,0x10 ,0x0C ,0x4A ,0x10 ,0x0D ,0x33,
0x15 ,0x00 ,0x3F ,0x15 ,0x02 ,0x4B ,0x15 ,0x03 ,0x5A ,0x15 ,0x04 ,0x23 ,0x15 ,0x06 ,0x2B ,0x15,
0x07 ,0x2F ,0x15 ,0x08 ,0x37 ,0x15 ,0x09 ,0x3B ,0x15 ,0x0A ,0x43 ,0x15 ,0x0B ,0x4A ,0x15 ,0x0C,
0x52 ,0x15 ,0x0D ,0x47 ,0x17 ,0x03 ,0x56 ,0x17 ,0x04 ,0x23 ,0x17 ,0x06 ,0x2B ,0x17 ,0x07 ,0x37,
0x17 ,0x09 ,0x43 ,0x17 ,0x0B ,0x4A ,0x17 ,0x0C ,0x52 ,0x17 ,0x0D ,0x2F ,0x17 ,0x10 ,0x3B ,0x17,
0x13 ,0x2D ,0x1A ,0x00 ,0x39 ,0x1A ,0x02 ,0x45 ,0x1A ,0x03 ,0x54 ,0x1A ,0x04 ,0x1B ,0x1A ,0x06,
0x23 ,0x1A ,0x07 ,0x27 ,0x1A ,0x08 ,0x2F ,0x1A ,0x09 ,0x33 ,0x1A ,0x0A ,0x3B ,0x1A ,0x0B ,0x42,
0x1A ,0x0C ,0x4A ,0x1A ,0x0D ,0x33 ,0x1B ,0x00 ,0x3F ,0x1B ,0x02 ,0x4B ,0x1B ,0x03 ,0x5A ,0x1B,
0x04 ,0x23 ,0x1B ,0x06 ,0x2B ,0x1B ,0x07 ,0x2F ,0x1B ,0x08 ,0x37 ,0x1B ,0x09 ,0x3B ,0x1B ,0x0A,
0x43 ,0x1B ,0x0B ,0x4A ,0x1B ,0x0C ,0x52 ,0x1B ,0x0D ,0x5F ,0x1D ,0x03 ,0x6E ,0x1D ,0x04 ,0x33,
0x1D ,0x06 ,0x3B ,0x1D ,0x07 ,0x3F ,0x1D ,0x08 ,0x4B ,0x1D ,0x0A ,0x5A ,0x1D ,0x0C ,0x62 ,0x1D,
0x0D ,0x47 ,0x1D ,0x11 ,0x53 ,0x1D ,0x14 ,0x67 ,0x20 ,0x03 ,0x76 ,0x20 ,0x04 ,0x3B ,0x20 ,0x06,
0x43 ,0x20 ,0x07 ,0x47 ,0x20 ,0x08 ,0x53 ,0x20 ,0x0A ,0x62 ,0x20 ,0x0C ,0x6A ,0x20 ,0x0D ,0x4F,
0x20 ,0x11 ,0x5B ,0x20 ,0x14 ,0x5F ,0x22 ,0x03 ,0x6E ,0x22 ,0x04 ,0x33 ,0x22 ,0x06 ,0x3B ,0x22,
0x07 ,0x3F ,0x22 ,0x08 ,0x4B ,0x22 ,0x0A ,0x5A ,0x22 ,0x0C ,0x62 ,0x22 ,0x0D ,0x47 ,0x22 ,0x11,
0x53 ,0x22 ,0x14 ,0x85 ,0x04 ,0x6A ,0x47 ,0x00 ,0x03 ,0x56 ,0x00 ,0x04 ,0x5A ,0x00 ,0x06 ,0x1B,
0x00 ,0x08 ,0x23 ,0x00 ,0x09 ,0x27 ,0x00 ,0x0A ,0x33 ,0x00 ,0x0C ,0x42 ,0x00 ,0x10 ,0x2F ,0x00,
0x16 ,0x3B ,0x00 ,0x19 ,0x4A ,0x00 ,0x1F ,0x52 ,0x00 ,0x20 ,0x33 ,0x06 ,0x00 ,0x3F ,0x06 ,0x02,
0x4B ,0x06 ,0x03 ,0x62 ,0x06 ,0x06 ,0x23 ,0x06 ,0x08 ,0x2B ,0x06 ,0x09 ,0x2F ,0x06 ,0x0A ,0x37,
0x06 ,0x0B ,0x3B ,0x06 ,0x0C ,0x43 ,0x06 ,0x0D ,0x4A ,0x06 ,0x10 ,0x52 ,0x06 ,0x1F ,0x5A ,0x06,
0x24 ,0x42 ,0x09 ,0x06 ,0x36 ,0x09 ,0x07 ,0x3E ,0x09 ,0x20 ,0x29 ,0x0A ,0x00 ,0x35 ,0x0A ,0x02,
0x41 ,0x0A ,0x03 ,0x50 ,0x0A ,0x04 ,0x1B ,0x0A ,0x08 ,0x23 ,0x0A ,0x09 ,0x27 ,0x0A ,0x0A ,0x2F,
0x0A ,0x0B ,0x33 ,0x0A ,0x0C ,0x3B ,0x0A ,0x0D ,0x42 ,0x0A ,0x10 ,0x4A ,0x0A ,0x12 ,0x4A ,0x0B,
0x06 ,0x3E ,0x0B ,0x07 ,0x46 ,0x0B ,0x20 ,0x33 ,0x0D ,0x00 ,0x3F ,0x0D ,0x02 ,0x4B ,0x0D ,0x03,
0x62 ,0x0D ,0x06 ,0x23 ,0x0D ,0x08 ,0x2B ,0x0D ,0x09 ,0x2F ,0x0D ,0x0A ,0x37 ,0x0D ,0x0B ,0x3B,
0x0D ,0x0C ,0x43 ,0x0D ,0x0D ,0x4A ,0x0D ,0x10 ,0x52 ,0x0D ,0x1F ,0x5A ,0x0D ,0x24 ,0x47 ,0x10,
0x03 ,0x56 ,0x10 ,0x04 ,0x5A ,0x10 ,0x06 ,0x23 ,0x10 ,0x08 ,0x2B ,0x10 ,0x09 ,0x37 ,0x10 ,0x0B,
0x43 ,0x10 ,0x0D ,0x2F ,0x10 ,0x15 ,0x3B ,0x10 ,0x18 ,0x4A ,0x10 ,0x1D ,0x52 ,0x10 ,0x27 ,0x2D,
0x12 ,0x00 ,0x39 ,0x12 ,0x02 ,0x45 ,0x12 ,0x03 ,0x54 ,0x12 ,0x04 ,0x62 ,0x12 ,0x06 ,0x52 ,0x12,
0x07 ,0x1B ,0x12 ,0x08 ,0x23 ,0x12 ,0x09 ,0x27 ,0x12 ,0x0A ,0x2F ,0x12 ,0x0B ,0x33 ,0x12 ,0x0C,
0x3B ,0x12 ,0x0D ,0x42 ,0x12 ,0x10 ,0x4A ,0x12 ,0x12 ,0x5A ,0x12 ,0x20 ,0x5F ,0x15 ,0x03 ,0x6E,
0x15 ,0x04 ,0x74 ,0x15 ,0x06 ,0x33 ,0x15 ,0x08 ,0x3B ,0x15 ,0x09 ,0x3F ,0x15 ,0x0A ,0x4B ,0x15,
0x0C ,0x5A ,0x15 ,0x10 ,0x47 ,0x15 ,0x16 ,0x53 ,0x15 ,0x19 ,0x62 ,0x15 ,0x1F ,0x6A ,0x15 ,0x20,
0x67 ,0x17 ,0x03 ,0x60 ,0x17 ,0x07 ,0x3B ,0x17 ,0x08 ,0x43 ,0x17 ,0x09 ,0x47 ,0x17 ,0x0A ,0x53,
0x17 ,0x0C ,0x76 ,0x17 ,0x0E ,0x62 ,0x17 ,0x10 ,0x6A ,0x17 ,0x12 ,0x4F ,0x17 ,0x16 ,0x5B ,0x17,
0x19 ,0x68 ,0x17 ,0x20 ,0x88 ,0x04 ,0x3E ,0x2F ,0x00 ,0x00 ,0x3B ,0x00 ,0x02 ,0x47 ,0x00 ,0x03,
0x56 ,0x00 ,0x04 ,0x5A ,0x00 ,0x06 ,0x4E ,0x00 ,0x08 ,0x42 ,0x00 ,0x09 ,0x52 ,0x00 ,0x24 ,0x4A,
0x00 ,0x2F ,0x1B ,0x02 ,0x0A ,0x23 ,0x02 ,0x0B ,0x27 ,0x02 ,0x0C ,0x2F ,0x02 ,0x0D ,0x33 ,0x02,
0x0E ,0x3B ,0x02 ,0x0F ,0x42 ,0x02 ,0x14 ,0x4A ,0x02 ,0x17 ,0x42 ,0x06 ,0x06 ,0x36 ,0x06 ,0x07,
0x4C ,0x06 ,0x08 ,0x40 ,0x06 ,0x09 ,0x3E ,0x06 ,0x24 ,0x48 ,0x06 ,0x25 ,0x29 ,0x07 ,0x00 ,0x35,
0x07 ,0x02 ,0x41 ,0x07 ,0x03 ,0x50 ,0x07 ,0x04 ,0x4A ,0x0A ,0x06 ,0x3E ,0x0A ,0x07 ,0x52 ,0x0A,
0x08 ,0x4E ,0x0A ,0x25 ,0x46 ,0x0A ,0x2E ,0x2D ,0x0F ,0x00 ,0x39 ,0x0F ,0x02 ,0x45 ,0x0F ,0x03,
0x54 ,0x0F ,0x04 ,0x62 ,0x0F ,0x08 ,0x1B ,0x0F ,0x0A ,0x23 ,0x0F ,0x0B ,0x27 ,0x0F ,0x0C ,0x2F,
0x0F ,0x0D ,0x33 ,0x0F ,0x0E ,0x3B ,0x0F ,0x0F ,0x42 ,0x0F ,0x14 ,0x4A ,0x0F ,0x22 ,0x5A ,0x0F,
0x2D ,0x52 ,0x0F ,0x2E ,0x5F ,0x12 ,0x03 ,0x6E ,0x12 ,0x04 ,0x74 ,0x12 ,0x06 ,0x60 ,0x12 ,0x07,
0x76 ,0x12 ,0x08 ,0x33 ,0x12 ,0x0A ,0x3B ,0x12 ,0x0B ,0x3F ,0x12 ,0x0C ,0x4B ,0x12 ,0x0E ,0x5A,
0x12 ,0x14 ,0x47 ,0x12 ,0x1B ,0x53 ,0x12 ,0x1C ,0x62 ,0x12 ,0x23 ,0x68 ,0x12 ,0x24 ,0x6A ,0x12,
0x25 ,0x04 ,0x15 ,0x30 ,0x00 ,0x05 ,0x14 ,0x00 ,0x06 ,0x20 ,0x00 ,0x0B ,0x38 ,0x09 ,0x05 ,0x1C,
0x09 ,0x06 ,0x28 ,0x09 ,0x0B ,0x3A ,0x0C ,0x05 ,0x26 ,0x0C ,0x06 ,0x32 ,0x0C ,0x0B ,0x32 ,0x0F,
0x05 ,0x1E ,0x0F ,0x06 ,0x2A ,0x0F ,0x0B ,0x3E ,0x1D ,0x05 ,0x30 ,0x1D ,0x06 ,0x3C ,0x1D ,0x0B,
0x46 ,0x20 ,0x05 ,0x38 ,0x20 ,0x06 ,0x44 ,0x20 ,0x0B ,0x3E ,0x22 ,0x05 ,0x30 ,0x22 ,0x06 ,0x3C,
0x22 ,0x0B ,0x05 ,0x10 ,0x16 ,0x00 ,0x07 ,0x2C ,0x00 ,0x08 ,0x22 ,0x00 ,0x0B ,0x1E ,0x05 ,0x07,
0x34 ,0x05 ,0x08 ,0x2A ,0x05 ,0x0B ,0x22 ,0x07 ,0x07 ,0x38 ,0x07 ,0x08 ,0x2E ,0x07 ,0x0B ,0x1A,
0x09 ,0x07 ,0x30 ,0x09 ,0x08 ,0x26 ,0x09 ,0x0B ,0x44 ,0x15 ,0x00 ,0x38 ,0x15 ,0x07 ,0x48 ,0x17,
0x00 ,0x3C ,0x17 ,0x07 ,0x0C ,0x08 ,0x1E ,0x00 ,0x06 ,0x34 ,0x00 ,0x07 ,0x2A ,0x00 ,0x0B ,0x1A,
0x06 ,0x06 ,0x30 ,0x06 ,0x07 ,0x26 ,0x06 ,0x0B ,0x48 ,0x12 ,0x00 ,0x3C ,0x12 ,0x06 ,0x84 ,0x04,
0x46 ,0x09 ,0x00 ,0x00 ,0xED ,0x00 ,0x01 ,0x15 ,0x00 ,0x02 ,0x21 ,0x00 ,0x03 ,0x30 ,0x00 ,0x04,
0x14 ,0x00 ,0x05 ,0x11 ,0x00 ,0x16 ,0x20 ,0x00 ,0x18 ,0xF9 ,0x00 ,0x19 ,0x05 ,0x00 ,0x1B ,0x11,
0x09 ,0x00 ,0xF5 ,0x09 ,0x01 ,0x1D ,0x09 ,0x02 ,0x29 ,0x09 ,0x03 ,0x38 ,0x09 ,0x04 ,0x1C ,0x09,
0x05 ,0x19 ,0x09 ,0x16 ,0x28 ,0x09 ,0x18 ,0x01 ,0x09 ,0x19 ,0x0D ,0x09 ,0x1B ,0x13 ,0x0C ,0x00,
0xFF ,0x0C ,0x01 ,0x1F ,0x0C ,0x02 ,0x2B ,0x0C ,0x03 ,0x3A ,0x0C ,0x04 ,0x26 ,0x0C ,0x05 ,0x23,
0x0C ,0x16 ,0x32 ,0x0C ,0x18 ,0x0B ,0x0C ,0x19 ,0x17 ,0x0C ,0x1B ,0x0B ,0x0F ,0x00 ,0xF7 ,0x0F,
0x01 ,0x17 ,0x0F ,0x02 ,0x23 ,0x0F ,0x03 ,0x32 ,0x0F ,0x04 ,0x1E ,0x0F ,0x05 ,0x1B ,0x0F ,0x16,
0x2A ,0x0F ,0x18 ,0x03 ,0x0F ,0x19 ,0x0F ,0x0F ,0x1B ,0x17 ,0x1D ,0x00 ,0x09 ,0x1D ,0x01 ,0x23,
0x1D ,0x02 ,0x2F ,0x1D ,0x03 ,0x3E ,0x1D ,0x04 ,0x30 ,0x1D ,0x05 ,0x2D ,0x1D ,0x16 ,0x3C ,0x1D,
0x18 ,0x15 ,0x1D ,0x19 ,0x21 ,0x1D ,0x1B ,0x1F ,0x20 ,0x00 ,0x11 ,0x20 ,0x01 ,0x2B ,0x20 ,0x02,
0x37 ,0x20 ,0x03 ,0x46 ,0x20 ,0x04 ,0x38 ,0x20 ,0x05 ,0x35 ,0x20 ,0x16 ,0x44 ,0x20 ,0x18 ,0x1D,
0x20 ,0x19 ,0x29 ,0x20 ,0x1B ,0x17 ,0x22 ,0x00 ,0x09 ,0x22 ,0x01 ,0x23 ,0x22 ,0x02 ,0x2F ,0x22,
0x03 ,0x3E ,0x22 ,0x04 ,0x30 ,0x22 ,0x05 ,0x2D ,0x22 ,0x16 ,0x3C ,0x22 ,0x18 ,0x15 ,0x22 ,0x19,
0x21 ,0x22 ,0x1B ,0x85 ,0x04 ,0x4C ,0x09 ,0x00 ,0x00 ,0xED ,0x00 ,0x01 ,0x15 ,0x00 ,0x02 ,0x21,
0x00 ,0x03 ,0x30 ,0x00 ,0x04 ,0x14 ,0x00 ,0x05 ,0x2C ,0x00 ,0x06 ,0x16 ,0x00 ,0x07 ,0x11 ,0x00,
0x1B ,0x20 ,0x00 ,0x1E ,0x22 ,0x00 ,0x20 ,0xF9 ,0x00 ,0x21 ,0x05 ,0x00 ,0x23 ,0x11 ,0x05 ,0x00,
0xF5 ,0x05 ,0x01 ,0x1D ,0x05 ,0x02 ,0x29 ,0x05 ,0x03 ,0x38 ,0x05 ,0x04 ,0x1C ,0x05 ,0x05 ,0x34,
0x05 ,0x06 ,0x1E ,0x05 ,0x07 ,0x19 ,0x05 ,0x1B ,0x28 ,0x05 ,0x1E ,0x2A ,0x05 ,0x20 ,0x01 ,0x05,
0x21 ,0x0D ,0x05 ,0x23 ,0x13 ,0x07 ,0x00 ,0xFF ,0x07 ,0x01 ,0x1F ,0x07 ,0x02 ,0x2B ,0x07 ,0x03,
0x3A ,0x07 ,0x04 ,0x26 ,0x07 ,0x05 ,0x38 ,0x07 ,0x06 ,0x22 ,0x07 ,0x07 ,0x23 ,0x07 ,0x1B ,0x32,
0x07 ,0x1E ,0x2E ,0x07 ,0x20 ,0x0B ,0x07 ,0x21 ,0x17 ,0x07 ,0x23 ,0x0B ,0x09 ,0x00 ,0xF7 ,0x09,
0x01 ,0x17 ,0x09 ,0x02 ,0x23 ,0x09 ,0x03 ,0x32 ,0x09 ,0x04 ,0x1E ,0x09 ,0x05 ,0x30 ,0x09 ,0x06,
0x1A ,0x09 ,0x07 ,0x1B ,0x09 ,0x1B ,0x2A ,0x09 ,0x1E ,0x26 ,0x09 ,0x20 ,0x03 ,0x09 ,0x21 ,0x0F,
0x09 ,0x23 ,0x17 ,0x15 ,0x00 ,0x09 ,0x15 ,0x01 ,0x23 ,0x15 ,0x02 ,0x2F ,0x15 ,0x03 ,0x3E ,0x15,
0x04 ,0x30 ,0x15 ,0x05 ,0x38 ,0x15 ,0x07 ,0x2D ,0x15 ,0x1B ,0x3C ,0x15 ,0x1E ,0x15 ,0x15 ,0x21,
0x21 ,0x15 ,0x23 ,0x44 ,0x15 ,0x25 ,0x1F ,0x17 ,0x00 ,0x11 ,0x17 ,0x01 ,0x2B ,0x17 ,0x02 ,0x37,
0x17 ,0x03 ,0x46 ,0x17 ,0x04 ,0x38 ,0x17 ,0x05 ,0x3C ,0x17 ,0x07 ,0x35 ,0x17 ,0x1B ,0x44 ,0x17,
0x1E ,0x1D ,0x17 ,0x21 ,0x29 ,0x17 ,0x23 ,0x48 ,0x17 ,0x25 ,0x88 ,0x04 ,0x2A ,0x09 ,0x00 ,0x00,
0xED ,0x00 ,0x01 ,0x15 ,0x00 ,0x02 ,0x21 ,0x00 ,0x03 ,0x30 ,0x00 ,0x04 ,0x14 ,0x00 ,0x05 ,0x2C,
0x00 ,0x06 ,0x16 ,0x00 ,0x07 ,0x34 ,0x00 ,0x08 ,0x1E ,0x00 ,0x09 ,0x11 ,0x00 ,0x1D ,0x20 ,0x00,
0x20 ,0x22 ,0x00 ,0x24 ,0x2A ,0x00 ,0x25 ,0xF9 ,0x00 ,0x27 ,0x05 ,0x00 ,0x29 ,0x0B ,0x06 ,0x00,
0xF7 ,0x06 ,0x01 ,0x17 ,0x06 ,0x02 ,0x23 ,0x06 ,0x03 ,0x32 ,0x06 ,0x04 ,0x1E ,0x06 ,0x05 ,0x30,
0x06 ,0x18 ,0x1A ,0x06 ,0x19 ,0x1B ,0x06 ,0x1D ,0x2A ,0x06 ,0x20 ,0x03 ,0x06 ,0x27 ,0x0F ,0x06,
0x29 ,0x26 ,0x06 ,0x38 ,0x17 ,0x12 ,0x00 ,0x09 ,0x12 ,0x01 ,0x23 ,0x12 ,0x02 ,0x2F ,0x12 ,0x03,
0x3E ,0x12 ,0x04 ,0x30 ,0x12 ,0x05 ,0x38 ,0x12 ,0x07 ,0x2D ,0x12 ,0x1D ,0x15 ,0x12 ,0x27 ,0x21,
0x12 ,0x29 ,0x3C ,0x12 ,0x2B ,0x44 ,0x12 ,0x2C ,0x48 ,0x12 ,0x30 ,0x04 ,0x03 ,0x54 ,0x05 ,0x05,
0x3C ,0x05 ,0x06 ,0x48 ,0x05 ,0x0B ,0x05 ,0x03 ,0x40 ,0x02 ,0x07 ,0x58 ,0x02 ,0x08 ,0x4C ,0x02,
0x0B ,0x0C ,0x03 ,0x40 ,0x03 ,0x06 ,0x58 ,0x03 ,0x07 ,0x4C ,0x03 ,0x0B ,0x84 ,0x04 ,0x08 ,0x15,
0x05 ,0x01 ,0x45 ,0x05 ,0x03 ,0x54 ,0x05 ,0x04 ,0x3C ,0x05 ,0x05 ,0x48 ,0x05 ,0x18 ,0x21 ,0x05,
0x19 ,0x39 ,0x05 ,0x1A ,0x2D ,0x05 ,0x1C ,0x85 ,0x04 ,0x0B ,0x15 ,0x02 ,0x01 ,0x45 ,0x02 ,0x03,
0x54 ,0x02 ,0x04 ,0x3C ,0x02 ,0x05 ,0x58 ,0x02 ,0x06 ,0x40 ,0x02 ,0x07 ,0x48 ,0x02 ,0x1E ,0x4C,
0x02 ,0x20 ,0x21 ,0x02 ,0x21 ,0x39 ,0x02 ,0x22 ,0x2D ,0x02 ,0x26 ,0x88 ,0x04 ,0x0B ,0x15 ,0x03,
0x01 ,0x45 ,0x03 ,0x03 ,0x54 ,0x03 ,0x04 ,0x3C ,0x03 ,0x05 ,0x58 ,0x03 ,0x18 ,0x40 ,0x03 ,0x19,
0x48 ,0x03 ,0x20 ,0x21 ,0x03 ,0x27 ,0x39 ,0x03 ,0x28 ,0x2D ,0x03 ,0x31 ,0x4C ,0x03 ,0x38 ,0x04,
0x06 ,0x54 ,0x05 ,0x05 ,0x3C ,0x05 ,0x06 ,0x48 ,0x05 ,0x0B ,0x3E ,0x1E ,0x05 ,0x26 ,0x1E ,0x06,
0x32 ,0x1E ,0x0B ,0x05 ,0x06 ,0x40 ,0x02 ,0x07 ,0x58 ,0x02 ,0x08 ,0x4C ,0x02 ,0x0B ,0x2A ,0x16,
0x07 ,0x42 ,0x16 ,0x08 ,0x36 ,0x16 ,0x0B ,0x0C ,0x06 ,0x40 ,0x03 ,0x06 ,0x58 ,0x03 ,0x07 ,0x4C,
0x03 ,0x0B ,0x2A ,0x12 ,0x06 ,0x42 ,0x12 ,0x07 ,0x36 ,0x12 ,0x0B ,0x84 ,0x04 ,0x10 ,0x15 ,0x05,
0x01 ,0x45 ,0x05 ,0x03 ,0x54 ,0x05 ,0x04 ,0x3C ,0x05 ,0x05 ,0x48 ,0x05 ,0x18 ,0x21 ,0x05 ,0x19,
0x39 ,0x05 ,0x1A ,0x2D ,0x05 ,0x1C ,0xFF ,0x1E ,0x01 ,0x2F ,0x1E ,0x03 ,0x3E ,0x1E ,0x04 ,0x26,
0x1E ,0x05 ,0x32 ,0x1E ,0x18 ,0x0B ,0x1E ,0x19 ,0x23 ,0x1E ,0x1A ,0x17 ,0x1E ,0x1C ,0x85 ,0x04,
0x16 ,0x15 ,0x02 ,0x01 ,0x45 ,0x02 ,0x03 ,0x54 ,0x02 ,0x04 ,0x3C ,0x02 ,0x05 ,0x58 ,0x02 ,0x06,
0x40 ,0x02 ,0x07 ,0x48 ,0x02 ,0x1E ,0x4C ,0x02 ,0x20 ,0x21 ,0x02 ,0x21 ,0x39 ,0x02 ,0x22 ,0x2D,
0x02 ,0x26 ,0xFF ,0x16 ,0x01 ,0x2F ,0x16 ,0x03 ,0x3E ,0x16 ,0x04 ,0x26 ,0x16 ,0x05 ,0x42 ,0x16,
0x06 ,0x2A ,0x16 ,0x07 ,0x32 ,0x16 ,0x1E ,0x36 ,0x16 ,0x20 ,0x0B ,0x16 ,0x21 ,0x23 ,0x16 ,0x22,
0x17 ,0x16 ,0x26 ,0x88 ,0x04 ,0x16 ,0x15 ,0x03 ,0x01 ,0x45 ,0x03 ,0x03 ,0x54 ,0x03 ,0x04 ,0x3C,
0x03 ,0x05 ,0x58 ,0x03 ,0x18 ,0x40 ,0x03 ,0x19 ,0x48 ,0x03 ,0x20 ,0x21 ,0x03 ,0x27 ,0x39 ,0x03,
0x28 ,0x2D ,0x03 ,0x31 ,0x4C ,0x03 ,0x38 ,0xFF ,0x12 ,0x01 ,0x2F ,0x12 ,0x03 ,0x3E ,0x12 ,0x04,
0x26 ,0x12 ,0x05 ,0x42 ,0x12 ,0x18 ,0x2A ,0x12 ,0x19 ,0x32 ,0x12 ,0x20 ,0x0B ,0x12 ,0x27 ,0x23,
0x12 ,0x28 ,0x17 ,0x12 ,0x31 ,0x36 ,0x12 ,0x38 ,0x04 ,0x06 ,0x54 ,0x05 ,0x05 ,0x3C ,0x05 ,0x06,
0x48 ,0x05 ,0x0B ,0x3E ,0x1C ,0x05 ,0x26 ,0x1C ,0x06 ,0x32 ,0x1C ,0x0B ,0x05 ,0x06 ,0x40 ,0x02,
0x07 ,0x58 ,0x02 ,0x08 ,0x4C ,0x02 ,0x0B ,0x26 ,0x14 ,0x07 ,0x3E ,0x14 ,0x08 ,0x32 ,0x14 ,0x0B,
0x0C ,0x06 ,0x40 ,0x03 ,0x06 ,0x58 ,0x03 ,0x07 ,0x4C ,0x03 ,0x0B ,0x26 ,0x10 ,0x06 ,0x3E ,0x10,
0x07 ,0x32 ,0x10 ,0x0B ,0x84 ,0x04 ,0x10 ,0x15 ,0x05 ,0x01 ,0x45 ,0x05 ,0x03 ,0x54 ,0x05 ,0x04,
0x3C ,0x05 ,0x05 ,0x48 ,0x05 ,0x18 ,0x21 ,0x05 ,0x19 ,0x39 ,0x05 ,0x1A ,0x2D ,0x05 ,0x1C ,0xFF,
0x1C ,0x01 ,0x2F ,0x1C ,0x03 ,0x3E ,0x1C ,0x04 ,0x26 ,0x1C ,0x05 ,0x32 ,0x1C ,0x18 ,0x0B ,0x1C,
0x19 ,0x23 ,0x1C ,0x1A ,0x17 ,0x1C ,0x1C ,0x85 ,0x04 ,0x13 ,0x15 ,0x02 ,0x01 ,0x45 ,0x02 ,0x03,
0x54 ,0x02 ,0x04 ,0x3C ,0x02 ,0x05 ,0x58 ,0x02 ,0x06 ,0x40 ,0x02 ,0x07 ,0x48 ,0x02 ,0x1E ,0x4C,
0x02 ,0x20 ,0x21 ,0x02 ,0x21 ,0x39 ,0x02 ,0x22 ,0x2D ,0x02 ,0x26 ,0xFF ,0x14 ,0x01 ,0x2F ,0x14,
0x03 ,0x3E ,0x14 ,0x0E ,0x26 ,0x14 ,0x11 ,0x0B ,0x14 ,0x21 ,0x23 ,0x14 ,0x22 ,0x17 ,0x14 ,0x26,
0x32 ,0x14 ,0x29 ,0x88 ,0x04 ,0x13 ,0x15 ,0x03 ,0x01 ,0x45 ,0x03 ,0x03 ,0x54 ,0x03 ,0x04 ,0x3C,
0x03 ,0x05 ,0x58 ,0x03 ,0x18 ,0x40 ,0x03 ,0x19 ,0x48 ,0x03 ,0x20 ,0x21 ,0x03 ,0x27 ,0x39 ,0x03,
0x28 ,0x2D ,0x03 ,0x31 ,0x4C ,0x03 ,0x38 ,0xFF ,0x10 ,0x01 ,0x2F ,0x10 ,0x03 ,0x3E ,0x10 ,0x1E,
0x26 ,0x10 ,0x21 ,0x0B ,0x10 ,0x27 ,0x23 ,0x10 ,0x28 ,0x17 ,0x10 ,0x31 ,0x32 ,0x10 ,0x3A ,0x04,
0x1B ,0x54 ,0x00 ,0x05 ,0x3C ,0x00 ,0x06 ,0x48 ,0x00 ,0x0B ,0x5C ,0x0A ,0x05 ,0x44 ,0x0A ,0x06,
0x50 ,0x0A ,0x0B ,0x54 ,0x10 ,0x05 ,0x3C ,0x10 ,0x06 ,0x48 ,0x10 ,0x0B ,0x5C ,0x16 ,0x05 ,0x44,
0x16 ,0x06 ,0x50 ,0x16 ,0x0B ,0x54 ,0x1A ,0x05 ,0x3C ,0x1A ,0x06 ,0x48 ,0x1A ,0x0B ,0x5C ,0x1B,
0x05 ,0x44 ,0x1B ,0x06 ,0x50 ,0x1B ,0x0B ,0x54 ,0x1D ,0x05 ,0x3C ,0x1D ,0x06 ,0x48 ,0x1D ,0x0B,
0x5C ,0x20 ,0x05 ,0x44 ,0x20 ,0x06 ,0x50 ,0x20 ,0x0B ,0x54 ,0x22 ,0x05 ,0x3C ,0x22 ,0x06 ,0x48,
0x22 ,0x0B ,0x05 ,0x18 ,0x3C ,0x00 ,0x07 ,0x54 ,0x00 ,0x08 ,0x48 ,0x00 ,0x0B ,0x44 ,0x06 ,0x07,
0x5C ,0x06 ,0x08 ,0x50 ,0x06 ,0x0B ,0x3C ,0x0A ,0x07 ,0x54 ,0x0A ,0x08 ,0x48 ,0x0A ,0x0B ,0x44,
0x0E ,0x07 ,0x5C ,0x0E ,0x08 ,0x50 ,0x0E ,0x0B ,0x3C ,0x10 ,0x07 ,0x54 ,0x10 ,0x08 ,0x48 ,0x10,
0x0B ,0x44 ,0x12 ,0x07 ,0x5C ,0x12 ,0x08 ,0x50 ,0x12 ,0x0B ,0x3C ,0x15 ,0x07 ,0x54 ,0x15 ,0x08,
0x48 ,0x15 ,0x0B ,0x44 ,0x17 ,0x07 ,0x5C ,0x17 ,0x08 ,0x50 ,0x17 ,0x0B ,0x0C ,0x0C ,0x44 ,0x00,
0x06 ,0x5C ,0x00 ,0x07 ,0x50 ,0x00 ,0x0B ,0x40 ,0x07 ,0x06 ,0x54 ,0x07 ,0x07 ,0x4C ,0x07 ,0x0B,
0x40 ,0x0C ,0x06 ,0x56 ,0x0C ,0x07 ,0x4C ,0x0C ,0x0B ,0x44 ,0x10 ,0x06 ,0x5C ,0x10 ,0x07 ,0x50,
0x10 ,0x0B ,0x84 ,0x04 ,0x48 ,0x15 ,0x00 ,0x01 ,0x45 ,0x00 ,0x03 ,0x54 ,0x00 ,0x04 ,0x3C ,0x00,
0x05 ,0x48 ,0x00 ,0x18 ,0x21 ,0x00 ,0x19 ,0x39 ,0x00 ,0x1A ,0x2D ,0x00 ,0x1C ,0x1D ,0x0A ,0x01,
0x4D ,0x0A ,0x03 ,0x5C ,0x0A ,0x04 ,0x44 ,0x0A ,0x05 ,0x50 ,0x0A ,0x18 ,0x29 ,0x0A ,0x19 ,0x41,
0x0A ,0x1A ,0x35 ,0x0A ,0x1C ,0x15 ,0x10 ,0x01 ,0x45 ,0x10 ,0x03 ,0x54 ,0x10 ,0x04 ,0x3C ,0x10,
0x05 ,0x48 ,0x10 ,0x18 ,0x21 ,0x10 ,0x19 ,0x39 ,0x10 ,0x1A ,0x2D ,0x10 ,0x1C ,0x1D ,0x16 ,0x01,
0x4D ,0x16 ,0x03 ,0x5C ,0x16 ,0x04 ,0x44 ,0x16 ,0x05 ,0x50 ,0x16 ,0x18 ,0x29 ,0x16 ,0x19 ,0x41,
0x16 ,0x1A ,0x35 ,0x16 ,0x1C ,0x15 ,0x1A ,0x01 ,0x45 ,0x1A ,0x03 ,0x54 ,0x1A ,0x04 ,0x3C ,0x1A,
0x05 ,0x48 ,0x1A ,0x18 ,0x21 ,0x1A ,0x19 ,0x39 ,0x1A ,0x1A ,0x2D ,0x1A ,0x1C ,0x1D ,0x1B ,0x01,
0x4D ,0x1B ,0x03 ,0x5C ,0x1B ,0x04 ,0x44 ,0x1B ,0x05 ,0x50 ,0x1B ,0x18 ,0x29 ,0x1B ,0x19 ,0x41,
0x1B ,0x1A ,0x35 ,0x1B ,0x1C ,0x15 ,0x1D ,0x01 ,0x45 ,0x1D ,0x03 ,0x54 ,0x1D ,0x04 ,0x3C ,0x1D,
0x05 ,0x48 ,0x1D ,0x18 ,0x21 ,0x1D ,0x19 ,0x39 ,0x1D ,0x1A ,0x2D ,0x1D ,0x1C ,0x1D ,0x20 ,0x01,
0x4D ,0x20 ,0x03 ,0x5C ,0x20 ,0x04 ,0x44 ,0x20 ,0x05 ,0x50 ,0x20 ,0x18 ,0x29 ,0x20 ,0x19 ,0x41,
0x20 ,0x1A ,0x35 ,0x20 ,0x1C ,0x15 ,0x22 ,0x01 ,0x45 ,0x22 ,0x03 ,0x54 ,0x22 ,0x04 ,0x3C ,0x22,
0x05 ,0x48 ,0x22 ,0x18 ,0x21 ,0x22 ,0x19 ,0x39 ,0x22 ,0x1A ,0x2D ,0x22 ,0x1C ,0x85 ,0x04 ,0x3C,
0x15 ,0x00 ,0x01 ,0x45 ,0x00 ,0x03 ,0x54 ,0x00 ,0x0E ,0x3C ,0x00 ,0x11 ,0x21 ,0x00 ,0x21 ,0x39,
0x00 ,0x22 ,0x2D ,0x00 ,0x26 ,0x48 ,0x00 ,0x29 ,0x1D ,0x06 ,0x01 ,0x4D ,0x06 ,0x03 ,0x5C ,0x06,
0x0E ,0x44 ,0x06 ,0x11 ,0x29 ,0x06 ,0x21 ,0x41 ,0x06 ,0x22 ,0x35 ,0x06 ,0x26 ,0x50 ,0x06 ,0x29,
0x15 ,0x0A ,0x01 ,0x45 ,0x0A ,0x03 ,0x54 ,0x0A ,0x0E ,0x3C ,0x0A ,0x11 ,0x21 ,0x0A ,0x21 ,0x39,
0x0A ,0x22 ,0x2D ,0x0A ,0x26 ,0x48 ,0x0A ,0x29 ,0x5C ,0x0E ,0x06 ,0x44 ,0x0E ,0x07 ,0x50 ,0x0E,
0x20 ,0x1D ,0x0F ,0x01 ,0x4D ,0x0F ,0x03 ,0x5C ,0x0F ,0x04 ,0x44 ,0x0F ,0x05 ,0x50 ,0x0F ,0x1E,
0x29 ,0x0F ,0x21 ,0x41 ,0x0F ,0x22 ,0x35 ,0x0F ,0x26 ,0x54 ,0x10 ,0x06 ,0x3C ,0x10 ,0x07 ,0x48,
0x10 ,0x20 ,0x5C ,0x12 ,0x06 ,0x44 ,0x12 ,0x07 ,0x50 ,0x12 ,0x20 ,0x15 ,0x13 ,0x01 ,0x45 ,0x13,
0x03 ,0x54 ,0x13 ,0x04 ,0x3C ,0x13 ,0x05 ,0x48 ,0x13 ,0x1E ,0x21 ,0x13 ,0x21 ,0x39 ,0x13 ,0x22,
0x2D ,0x13 ,0x26 ,0x54 ,0x15 ,0x06 ,0x3C ,0x15 ,0x07 ,0x48 ,0x15 ,0x20 ,0x1D ,0x17 ,0x01 ,0x4D,
0x17 ,0x03 ,0x5C ,0x17 ,0x0E ,0x44 ,0x17 ,0x11 ,0x29 ,0x17 ,0x21 ,0x41 ,0x17 ,0x22 ,0x35 ,0x17,
0x26 ,0x50 ,0x17 ,0x29 ,0x88 ,0x04 ,0x22 ,0x5C ,0x00 ,0x08 ,0x44 ,0x00 ,0x09 ,0x50 ,0x00 ,0x25,
0x15 ,0x02 ,0x01 ,0x45 ,0x02 ,0x03 ,0x54 ,0x02 ,0x10 ,0x3C ,0x02 ,0x15 ,0x21 ,0x02 ,0x27 ,0x39,
0x02 ,0x28 ,0x2D ,0x02 ,0x31 ,0x48 ,0x02 ,0x35 ,0x54 ,0x07 ,0x08 ,0x40 ,0x08 ,0x09 ,0x4C ,0x08,
0x25 ,0x1D ,0x0C ,0x01 ,0x4D ,0x0C ,0x03 ,0x56 ,0x0C ,0x08 ,0x5C ,0x0C ,0x10 ,0x44 ,0x0C ,0x15,
0x29 ,0x0C ,0x27 ,0x41 ,0x0C ,0x28 ,0x35 ,0x0C ,0x31 ,0x50 ,0x0C ,0x35 ,0x15 ,0x10 ,0x01 ,0x45,
0x10 ,0x03 ,0x5C ,0x10 ,0x08 ,0x44 ,0x10 ,0x09 ,0x54 ,0x10 ,0x10 ,0x3C ,0x10 ,0x15 ,0x50 ,0x10,
0x25 ,0x21 ,0x10 ,0x27 ,0x39 ,0x10 ,0x28 ,0x2D ,0x10 ,0x31 ,0x48 ,0x10 ,0x35 ,0x04 ,0x06 ,0x62,
0x03 ,0x05 ,0x4A ,0x03 ,0x06 ,0x56 ,0x03 ,0x0B ,0x66 ,0x14 ,0x05 ,0x4E ,0x14 ,0x06 ,0x5A ,0x14,
0x0B ,0x05 ,0x06 ,0x4A ,0x01 ,0x07 ,0x62 ,0x01 ,0x08 ,0x56 ,0x01 ,0x0B ,0x4E ,0x0C ,0x07 ,0x66,
0x0C ,0x08 ,0x5A ,0x0C ,0x0B ,0x0C ,0x06 ,0x4A ,0x01 ,0x06 ,0x62 ,0x01 ,0x07 ,0x56 ,0x01 ,0x0B,
0x4E ,0x0B ,0x06 ,0x66 ,0x0B ,0x07 ,0x5A ,0x0B ,0x0B ,0x84 ,0x04 ,0x10 ,0x23 ,0x03 ,0x01 ,0x53,
0x03 ,0x03 ,0x62 ,0x03 ,0x04 ,0x4A ,0x03 ,0x05 ,0x56 ,0x03 ,0x18 ,0x2F ,0x03 ,0x19 ,0x47 ,0x03,
0x1A ,0x3B ,0x03 ,0x1C ,0x27 ,0x14 ,0x01 ,0x57 ,0x14 ,0x03 ,0x66 ,0x14 ,0x04 ,0x4E ,0x14 ,0x05,
0x5A ,0x14 ,0x18 ,0x33 ,0x14 ,0x19 ,0x4B ,0x14 ,0x1A ,0x3F ,0x14 ,0x1C ,0x85 ,0x04 ,0x10 ,0x23,
0x01 ,0x01 ,0x53 ,0x01 ,0x03 ,0x62 ,0x01 ,0x0E ,0x4A ,0x01 ,0x11 ,0x2F ,0x01 ,0x21 ,0x47 ,0x01,
0x22 ,0x3B ,0x01 ,0x26 ,0x56 ,0x01 ,0x29 ,0x27 ,0x0C ,0x01 ,0x57 ,0x0C ,0x03 ,0x66 ,0x0C ,0x0E,
0x4E ,0x0C ,0x11 ,0x33 ,0x0C ,0x21 ,0x4B ,0x0C ,0x22 ,0x3F ,0x0C ,0x26 ,0x5A ,0x0C ,0x29 ,0x88,
0x04 ,0x10 ,0x23 ,0x01 ,0x01 ,0x53 ,0x01 ,0x03 ,0x62 ,0x01 ,0x1E ,0x4A ,0x01 ,0x21 ,0x2F ,0x01,
0x27 ,0x47 ,0x01 ,0x28 ,0x3B ,0x01 ,0x31 ,0x56 ,0x01 ,0x3A ,0x27 ,0x0B ,0x01 ,0x57 ,0x0B ,0x03,
0x66 ,0x0B ,0x1E ,0x4E ,0x0B ,0x21 ,0x33 ,0x0B ,0x27 ,0x4B ,0x0B ,0x28 ,0x3F ,0x0B ,0x31 ,0x5A,
0x0B ,0x3A ,0x04 ,0x12 ,0x5C ,0x01 ,0x00 ,0x5A ,0x01 ,0x01 ,0x42 ,0x01 ,0x02 ,0x44 ,0x01 ,0x04,
0x4E ,0x01 ,0x07 ,0x50 ,0x01 ,0x08 ,0x44 ,0x0B ,0x00 ,0x42 ,0x0B ,0x01 ,0x2A ,0x0B ,0x02 ,0x2C,
0x0B ,0x04 ,0x36 ,0x0B ,0x07 ,0x38 ,0x0B ,0x08 ,0x5C ,0x0E ,0x00 ,0x5A ,0x0E ,0x01 ,0x42 ,0x0E,
0x02 ,0x44 ,0x0E ,0x04 ,0x4E ,0x0E ,0x07 ,0x50 ,0x0E ,0x08 ,0x05 ,0x11 ,0x5A ,0x00 ,0x01 ,0x42,
0x00 ,0x02 ,0x40 ,0x00 ,0x04 ,0x58 ,0x00 ,0x05 ,0x4E ,0x00 ,0x09 ,0x4C ,0x00 ,0x0A ,0x2C ,0x05,
0x04 ,0x44 ,0x05 ,0x05 ,0x42 ,0x05 ,0x06 ,0x36 ,0x05 ,0x09 ,0x38 ,0x05 ,0x0A ,0x5A ,0x08 ,0x01,
0x42 ,0x08 ,0x02 ,0x40 ,0x08 ,0x04 ,0x58 ,0x08 ,0x05 ,0x4E ,0x08 ,0x09 ,0x4C ,0x08 ,0x0A ,0x0C,
0x09 ,0x42 ,0x00 ,0x01 ,0x2A ,0x00 ,0x02 ,0x36 ,0x00 ,0x08 ,0x3C ,0x04 ,0x04 ,0x54 ,0x04 ,0x05,
0x48 ,0x04 ,0x09 ,0x5A ,0x09 ,0x01 ,0x42 ,0x09 ,0x02 ,0x4E ,0x09 ,0x08 ,0x84 ,0x04 ,0x18 ,0x1B,
0x01 ,0x01 ,0x4B ,0x01 ,0x03 ,0x5A ,0x01 ,0x04 ,0x42 ,0x01 ,0x05 ,0x4E ,0x01 ,0x18 ,0x27 ,0x01,
0x19 ,0x3F ,0x01 ,0x1A ,0x33 ,0x01 ,0x1C ,0x03 ,0x0B ,0x01 ,0x33 ,0x0B ,0x03 ,0x42 ,0x0B ,0x04,
0x2A ,0x0B ,0x05 ,0x36 ,0x0B ,0x18 ,0x0F ,0x0B ,0x19 ,0x27 ,0x0B ,0x1A ,0x1B ,0x0B ,0x1C ,0x1B,
0x0E ,0x01 ,0x4B ,0x0E ,0x03 ,0x5A ,0x0E ,0x04 ,0x42 ,0x0E ,0x05 ,0x4E ,0x0E ,0x18 ,0x27 ,0x0E,
0x19 ,0x3F ,0x0E ,0x1A ,0x33 ,0x0E ,0x1C ,0x85 ,0x04 ,0x19 ,0x1B ,0x00 ,0x01 ,0x4B ,0x00 ,0x03,
0x42 ,0x00 ,0x05 ,0x5A ,0x00 ,0x0E ,0x27 ,0x00 ,0x21 ,0x3F ,0x00 ,0x22 ,0x33 ,0x00 ,0x26 ,0x4E,
0x00 ,0x29 ,0x42 ,0x03 ,0x07 ,0x03 ,0x05 ,0x01 ,0x33 ,0x05 ,0x03 ,0x2A ,0x05 ,0x05 ,0x42 ,0x05,
0x0E ,0x0F ,0x05 ,0x21 ,0x27 ,0x05 ,0x22 ,0x1B ,0x05 ,0x26 ,0x36 ,0x05 ,0x29 ,0x1B ,0x08 ,0x01,
0x4B ,0x08 ,0x03 ,0x42 ,0x08 ,0x05 ,0x5A ,0x08 ,0x0E ,0x27 ,0x08 ,0x21 ,0x3F ,0x08 ,0x22 ,0x33,
0x08 ,0x26 ,0x4E ,0x08 ,0x29 ,0x88 ,0x04 ,0x11 ,0x03 ,0x00 ,0x01 ,0x33 ,0x00 ,0x03 ,0x2A ,0x00,
0x16 ,0x42 ,0x00 ,0x1E ,0x0F ,0x00 ,0x27 ,0x27 ,0x00 ,0x28 ,0x1B ,0x00 ,0x31 ,0x36 ,0x00 ,0x3A,
0x42 ,0x04 ,0x07 ,0x1B ,0x09 ,0x01 ,0x4B ,0x09 ,0x03 ,0x42 ,0x09 ,0x16 ,0x5A ,0x09 ,0x1E ,0x27,
0x09 ,0x27 ,0x3F ,0x09 ,0x28 ,0x33 ,0x09 ,0x31 ,0x4E ,0x09 ,0x3A ,0x04 ,0x1E ,0x4C ,0x00 ,0x05,
0x34 ,0x00 ,0x06 ,0x40 ,0x00 ,0x0B ,0x54 ,0x0A ,0x05 ,0x3C ,0x0A ,0x06 ,0x48 ,0x0A ,0x0B ,0x4C,
0x0F ,0x05 ,0x34 ,0x0F ,0x06 ,0x40 ,0x0F ,0x0B ,0x68 ,0x11 ,0x05 ,0x4C ,0x11 ,0x06 ,0x58 ,0x11,
0x0B ,0x70 ,0x16 ,0x05 ,0x58 ,0x16 ,0x06 ,0x64 ,0x16 ,0x0B ,0x68 ,0x1A ,0x05 ,0x4C ,0x1A ,0x06,
0x58 ,0x1A ,0x0B ,0x70 ,0x1B ,0x05 ,0x58 ,0x1B ,0x06 ,0x64 ,0x1B ,0x0B ,0x68 ,0x1D ,0x05 ,0x4C,
0x1D ,0x06 ,0x58 ,0x1D ,0x0B ,0x70 ,0x20 ,0x05 ,0x58 ,0x20 ,0x06 ,0x64 ,0x20 ,0x0B ,0x68 ,0x22,
0x05 ,0x4C ,0x22 ,0x06 ,0x58 ,0x22 ,0x0B ,0x05 ,0x1B ,0x38 ,0x00 ,0x07 ,0x4C ,0x00 ,0x08 ,0x44,
0x00 ,0x0B ,0x40 ,0x06 ,0x07 ,0x58 ,0x06 ,0x08 ,0x4C ,0x06 ,0x0B ,0x38 ,0x09 ,0x07 ,0x4C ,0x09,
0x08 ,0x44 ,0x09 ,0x0B ,0x54 ,0x0B ,0x07 ,0x6C ,0x0B ,0x08 ,0x60 ,0x0B ,0x0B ,0x5C ,0x0E ,0x07,
0x74 ,0x0E ,0x08 ,0x68 ,0x0E ,0x0B ,0x54 ,0x10 ,0x07 ,0x6C ,0x10 ,0x08 ,0x60 ,0x10 ,0x0B ,0x5C,
0x12 ,0x07 ,0x74 ,0x12 ,0x08 ,0x68 ,0x12 ,0x0B ,0x58 ,0x15 ,0x07 ,0x70 ,0x15 ,0x08 ,0x64 ,0x15,
0x0B ,0x5C ,0x17 ,0x07 ,0x74 ,0x17 ,0x08 ,0x68 ,0x17 ,0x0B ,0x0C ,0x15 ,0x40 ,0x00 ,0x06 ,0x54,
0x00 ,0x07 ,0x4C ,0x00 ,0x0B ,0x3C ,0x06 ,0x06 ,0x58 ,0x06 ,0x07 ,0x48 ,0x06 ,0x0B ,0x54 ,0x0A,
0x06 ,0x6C ,0x0A ,0x07 ,0x60 ,0x0A ,0x0B ,0x58 ,0x0C ,0x06 ,0x70 ,0x0C ,0x07 ,0x64 ,0x0C ,0x0B,
0x74 ,0x0F ,0x01 ,0x5C ,0x0F ,0x02 ,0x68 ,0x0F ,0x08 ,0x5C ,0x10 ,0x04 ,0x74 ,0x10 ,0x05 ,0x68,
0x10 ,0x09 ,0x74 ,0x12 ,0x01 ,0x5C ,0x12 ,0x02 ,0x68 ,0x12 ,0x08 ,0x84 ,0x04 ,0x58 ,0x0D ,0x00,
0x01 ,0x3D ,0x00 ,0x03 ,0x4C ,0x00 ,0x04 ,0x34 ,0x00 ,0x05 ,0x40 ,0x00 ,0x18 ,0x19 ,0x00 ,0x19,
0x31 ,0x00 ,0x1A ,0x25 ,0x00 ,0x1C ,0x15 ,0x0A ,0x01 ,0x45 ,0x0A ,0x03 ,0x54 ,0x0A ,0x04 ,0x3C,
0x0A ,0x05 ,0x48 ,0x0A ,0x18 ,0x21 ,0x0A ,0x19 ,0x39 ,0x0A ,0x1A ,0x2D ,0x0A ,0x1C ,0x0D ,0x0F,
0x01 ,0x3D ,0x0F ,0x03 ,0x4C ,0x0F ,0x04 ,0x34 ,0x0F ,0x05 ,0x40 ,0x0F ,0x18 ,0x19 ,0x0F ,0x19,
0x31 ,0x0F ,0x1A ,0x25 ,0x0F ,0x1C ,0x41 ,0x11 ,0x00 ,0x25 ,0x11 ,0x01 ,0x4D ,0x11 ,0x02 ,0x59,
0x11 ,0x03 ,0x68 ,0x11 ,0x04 ,0x4C ,0x11 ,0x05 ,0x49 ,0x11 ,0x16 ,0x58 ,0x11 ,0x18 ,0x31 ,0x11,
0x19 ,0x3D ,0x11 ,0x1B ,0x31 ,0x16 ,0x01 ,0x61 ,0x16 ,0x03 ,0x70 ,0x16 ,0x04 ,0x58 ,0x16 ,0x05,
0x64 ,0x16 ,0x18 ,0x3D ,0x16 ,0x19 ,0x55 ,0x16 ,0x1A ,0x49 ,0x16 ,0x1C ,0x41 ,0x1A ,0x00 ,0x25,
0x1A ,0x01 ,0x4D ,0x1A ,0x02 ,0x59 ,0x1A ,0x03 ,0x68 ,0x1A ,0x04 ,0x4C ,0x1A ,0x05 ,0x49 ,0x1A,
0x16 ,0x58 ,0x1A ,0x18 ,0x31 ,0x1A ,0x19 ,0x3D ,0x1A ,0x1B ,0x31 ,0x1B ,0x01 ,0x61 ,0x1B ,0x03,
0x70 ,0x1B ,0x04 ,0x58 ,0x1B ,0x05 ,0x64 ,0x1B ,0x18 ,0x3D ,0x1B ,0x19 ,0x55 ,0x1B ,0x1A ,0x49,
0x1B ,0x1C ,0x41 ,0x1D ,0x00 ,0x25 ,0x1D ,0x01 ,0x4D ,0x1D ,0x02 ,0x59 ,0x1D ,0x03 ,0x68 ,0x1D,
0x04 ,0x4C ,0x1D ,0x05 ,0x49 ,0x1D ,0x16 ,0x58 ,0x1D ,0x18 ,0x31 ,0x1D ,0x19 ,0x3D ,0x1D ,0x1B,
0x31 ,0x20 ,0x01 ,0x61 ,0x20 ,0x03 ,0x70 ,0x20 ,0x04 ,0x58 ,0x20 ,0x05 ,0x64 ,0x20 ,0x18 ,0x3D,
0x20 ,0x19 ,0x55 ,0x20 ,0x1A ,0x49 ,0x20 ,0x1C ,0x41 ,0x22 ,0x00 ,0x25 ,0x22 ,0x01 ,0x4D ,0x22,
0x02 ,0x59 ,0x22 ,0x03 ,0x68 ,0x22 ,0x04 ,0x4C ,0x22 ,0x05 ,0x49 ,0x22 ,0x16 ,0x58 ,0x22 ,0x18,
0x31 ,0x22 ,0x19 ,0x3D ,0x22 ,0x1B ,0x85 ,0x04 ,0x55 ,0x0D ,0x00 ,0x01 ,0x3D ,0x00 ,0x03 ,0x34,
0x00 ,0x05 ,0x38 ,0x00 ,0x07 ,0x4C ,0x00 ,0x0E ,0x40 ,0x00 ,0x1E ,0x44 ,0x00 ,0x20 ,0x19 ,0x00,
0x21 ,0x31 ,0x00 ,0x22 ,0x25 ,0x00 ,0x26 ,0x15 ,0x06 ,0x01 ,0x45 ,0x06 ,0x03 ,0x54 ,0x06 ,0x04,
0x3C ,0x06 ,0x05 ,0x58 ,0x06 ,0x06 ,0x40 ,0x06 ,0x07 ,0x48 ,0x06 ,0x1E ,0x4C ,0x06 ,0x20 ,0x21,
0x06 ,0x21 ,0x39 ,0x06 ,0x22 ,0x2D ,0x06 ,0x26 ,0x0D ,0x09 ,0x01 ,0x3D ,0x09 ,0x03 ,0x34 ,0x09,
0x05 ,0x38 ,0x09 ,0x07 ,0x4C ,0x09 ,0x0E ,0x40 ,0x09 ,0x1E ,0x44 ,0x09 ,0x20 ,0x19 ,0x09 ,0x21,
0x31 ,0x09 ,0x22 ,0x25 ,0x09 ,0x26 ,0x41 ,0x0B ,0x00 ,0x25 ,0x0B ,0x01 ,0x4D ,0x0B ,0x02 ,0x59,
0x0B ,0x03 ,0x68 ,0x0B ,0x04 ,0x4C ,0x0B ,0x05 ,0x6C ,0x0B ,0x06 ,0x54 ,0x0B ,0x07 ,0x49 ,0x0B,
0x1B ,0x58 ,0x0B ,0x1E ,0x60 ,0x0B ,0x20 ,0x31 ,0x0B ,0x21 ,0x3D ,0x0B ,0x23 ,0x74 ,0x0E ,0x06,
0x5C ,0x0E ,0x07 ,0x68 ,0x0E ,0x20 ,0x31 ,0x0F ,0x01 ,0x61 ,0x0F ,0x03 ,0x70 ,0x0F ,0x04 ,0x58,
0x0F ,0x05 ,0x64 ,0x0F ,0x1E ,0x3D ,0x0F ,0x21 ,0x55 ,0x0F ,0x22 ,0x49 ,0x0F ,0x26 ,0x6C ,0x10,
0x06 ,0x54 ,0x10 ,0x07 ,0x60 ,0x10 ,0x20 ,0x74 ,0x12 ,0x06 ,0x5C ,0x12 ,0x07 ,0x68 ,0x12 ,0x20,
0x41 ,0x13 ,0x00 ,0x25 ,0x13 ,0x01 ,0x4D ,0x13 ,0x02 ,0x59 ,0x13 ,0x03 ,0x68 ,0x13 ,0x04 ,0x4C,
0x13 ,0x05 ,0x49 ,0x13 ,0x1B ,0x58 ,0x13 ,0x1E ,0x31 ,0x13 ,0x21 ,0x3D ,0x13 ,0x23 ,0x70 ,0x15,
0x06 ,0x58 ,0x15 ,0x07 ,0x64 ,0x15 ,0x20 ,0x31 ,0x17 ,0x01 ,0x61 ,0x17 ,0x03 ,0x70 ,0x17 ,0x04,
0x58 ,0x17 ,0x05 ,0x74 ,0x17 ,0x06 ,0x5C ,0x17 ,0x07 ,0x64 ,0x17 ,0x1E ,0x68 ,0x17 ,0x20 ,0x3D,
0x17 ,0x21 ,0x55 ,0x17 ,0x22 ,0x49 ,0x17 ,0x26 ,0x88 ,0x04 ,0x3A ,0x54 ,0x00 ,0x08 ,0x40 ,0x00,
0x09 ,0x4C ,0x00 ,0x25 ,0x0D ,0x01 ,0x01 ,0x3D ,0x01 ,0x03 ,0x34 ,0x01 ,0x05 ,0x38 ,0x01 ,0x07,
0x4C ,0x01 ,0x10 ,0x40 ,0x01 ,0x20 ,0x44 ,0x01 ,0x24 ,0x19 ,0x01 ,0x27 ,0x31 ,0x01 ,0x28 ,0x25,
0x01 ,0x31 ,0x58 ,0x06 ,0x08 ,0x3C ,0x06 ,0x09 ,0x48 ,0x06 ,0x25 ,0x41 ,0x0A ,0x00 ,0x25 ,0x0A,
0x01 ,0x4D ,0x0A ,0x02 ,0x59 ,0x0A ,0x03 ,0x68 ,0x0A ,0x04 ,0x4C ,0x0A ,0x05 ,0x6C ,0x0A ,0x18,
0x54 ,0x0A ,0x19 ,0x49 ,0x0A ,0x1D ,0x58 ,0x0A ,0x20 ,0x31 ,0x0A ,0x27 ,0x3D ,0x0A ,0x29 ,0x60,
0x0A ,0x38 ,0x31 ,0x0C ,0x01 ,0x61 ,0x0C ,0x03 ,0x74 ,0x0C ,0x06 ,0x5C ,0x0C ,0x07 ,0x70 ,0x0C,
0x12 ,0x58 ,0x0C ,0x16 ,0x68 ,0x0C ,0x24 ,0x3D ,0x0C ,0x27 ,0x55 ,0x0C ,0x28 ,0x49 ,0x0C ,0x31,
0x64 ,0x0C ,0x36 ,0x6C ,0x0F ,0x06 ,0x54 ,0x0F ,0x07 ,0x60 ,0x0F ,0x24 ,0x41 ,0x10 ,0x00 ,0x25,
0x10 ,0x01 ,0x4D ,0x10 ,0x02 ,0x59 ,0x10 ,0x03 ,0x4C ,0x10 ,0x05 ,0x74 ,0x10 ,0x08 ,0x5C ,0x10,
0x09 ,0x49 ,0x10 ,0x1D ,0x58 ,0x10 ,0x20 ,0x31 ,0x10 ,0x27 ,0x3D ,0x10 ,0x29 ,0x68 ,0x10 ,0x2A,
0x70 ,0x12 ,0x06 ,0x58 ,0x12 ,0x07 ,0x64 ,0x12 ,0x24 ,0x04 ,0x18 ,0x48 ,0x00 ,0x05 ,0x40 ,0x00,
0x09 ,0x44 ,0x00 ,0x0A ,0x50 ,0x0A ,0x05 ,0x48 ,0x0A ,0x09 ,0x4C ,0x0A ,0x0A ,0x48 ,0x10 ,0x05,
0x40 ,0x10 ,0x09 ,0x44 ,0x10 ,0x0A ,0x50 ,0x16 ,0x05 ,0x48 ,0x16 ,0x09 ,0x4C ,0x16 ,0x0A ,0x48,
0x1A ,0x05 ,0x40 ,0x1A ,0x09 ,0x44 ,0x1A ,0x0A ,0x50 ,0x1B ,0x05 ,0x48 ,0x1B ,0x09 ,0x4C ,0x1B,
0x0A ,0x40 ,0x1D ,0x09 ,0x44 ,0x1D ,0x0D ,0x48 ,0x20 ,0x09 ,0x4C ,0x20 ,0x0D ,0x40 ,0x22 ,0x09,
0x44 ,0x22 ,0x0D ,0x05 ,0x10 ,0x44 ,0x00 ,0x00 ,0x40 ,0x00 ,0x07 ,0x4C ,0x06 ,0x00 ,0x48 ,0x06,
0x07 ,0x44 ,0x0A ,0x00 ,0x40 ,0x0A ,0x07 ,0x4C ,0x0E ,0x00 ,0x48 ,0x0E ,0x07 ,0x44 ,0x10 ,0x00,
0x40 ,0x10 ,0x07 ,0x4C ,0x12 ,0x00 ,0x48 ,0x12 ,0x07 ,0x48 ,0x15 ,0x00 ,0x44 ,0x15 ,0x07 ,0x4C,
0x17 ,0x00 ,0x48 ,0x17 ,0x07 ,0x0C ,0x0C ,0x44 ,0x00 ,0x0A ,0x48 ,0x00 ,0x0B ,0x48 ,0x06 ,0x0A,
0x4C ,0x06 ,0x0B ,0x40 ,0x0A ,0x0A ,0x44 ,0x0A ,0x0B ,0x44 ,0x0C ,0x0A ,0x48 ,0x0C ,0x0B ,0x48,
0x0F ,0x0A ,0x4C ,0x0F ,0x0B ,0x4C ,0x12 ,0x00 ,0x48 ,0x12 ,0x06 ,0x84 ,0x04 ,0x60 ,0x21 ,0x00,
0x00 ,0x2D ,0x00 ,0x02 ,0x39 ,0x00 ,0x03 ,0x48 ,0x00 ,0x04 ,0x1D ,0x00 ,0x06 ,0x19 ,0x00 ,0x07,
0x29 ,0x00 ,0x08 ,0x25 ,0x00 ,0x09 ,0x35 ,0x00 ,0x0A ,0x31 ,0x00 ,0x0B ,0x44 ,0x00 ,0x0C ,0x40,
0x00 ,0x0D ,0x29 ,0x0A ,0x00 ,0x35 ,0x0A ,0x02 ,0x41 ,0x0A ,0x03 ,0x50 ,0x0A ,0x04 ,0x25 ,0x0A,
0x06 ,0x21 ,0x0A ,0x07 ,0x31 ,0x0A ,0x08 ,0x2D ,0x0A ,0x09 ,0x3D ,0x0A ,0x0A ,0x39 ,0x0A ,0x0B,
0x4C ,0x0A ,0x0C ,0x48 ,0x0A ,0x0D ,0x21 ,0x10 ,0x00 ,0x2D ,0x10 ,0x02 ,0x39 ,0x10 ,0x03 ,0x48,
0x10 ,0x04 ,0x1D ,0x10 ,0x06 ,0x19 ,0x10 ,0x07 ,0x29 ,0x10 ,0x08 ,0x25 ,0x10 ,0x09 ,0x35 ,0x10,
0x0A ,0x31 ,0x10 ,0x0B ,0x44 ,0x10 ,0x0C ,0x40 ,0x10 ,0x0D ,0x29 ,0x16 ,0x00 ,0x35 ,0x16 ,0x02,
0x41 ,0x16 ,0x03 ,0x50 ,0x16 ,0x04 ,0x25 ,0x16 ,0x06 ,0x21 ,0x16 ,0x07 ,0x31 ,0x16 ,0x08 ,0x2D,
0x16 ,0x09 ,0x3D ,0x16 ,0x0A ,0x39 ,0x16 ,0x0B ,0x4C ,0x16 ,0x0C ,0x48 ,0x16 ,0x0D ,0x21 ,0x1A,
0x00 ,0x2D ,0x1A ,0x02 ,0x39 ,0x1A ,0x03 ,0x48 ,0x1A ,0x04 ,0x1D ,0x1A ,0x06 ,0x19 ,0x1A ,0x07,
0x29 ,0x1A ,0x08 ,0x25 ,0x1A ,0x09 ,0x35 ,0x1A ,0x0A ,0x31 ,0x1A ,0x0B ,0x44 ,0x1A ,0x0C ,0x40,
0x1A ,0x0D ,0x29 ,0x1B ,0x00 ,0x35 ,0x1B ,0x02 ,0x41 ,0x1B ,0x03 ,0x50 ,0x1B ,0x04 ,0x25 ,0x1B,
0x06 ,0x21 ,0x1B ,0x07 ,0x31 ,0x1B ,0x08 ,0x2D ,0x1B ,0x09 ,0x3D ,0x1B ,0x0A ,0x39 ,0x1B ,0x0B,
0x4C ,0x1B ,0x0C ,0x48 ,0x1B ,0x0D ,0x19 ,0x1D ,0x07 ,0x25 ,0x1D ,0x09 ,0x31 ,0x1D ,0x0B ,0x40,
0x1D ,0x0D ,0x1D ,0x1D ,0x0F ,0x29 ,0x1D ,0x12 ,0x35 ,0x1D ,0x15 ,0x44 ,0x1D ,0x17 ,0x21 ,0x20,
0x07 ,0x2D ,0x20 ,0x09 ,0x39 ,0x20 ,0x0B ,0x48 ,0x20 ,0x0D ,0x25 ,0x20 ,0x0F ,0x31 ,0x20 ,0x12,
0x3D ,0x20 ,0x15 ,0x4C ,0x20 ,0x17 ,0x19 ,0x22 ,0x07 ,0x25 ,0x22 ,0x09 ,0x31 ,0x22 ,0x0B ,0x40,
0x22 ,0x0D ,0x1D ,0x22 ,0x0F ,0x29 ,0x22 ,0x12 ,0x35 ,0x22 ,0x15 ,0x44 ,0x22 ,0x17 ,0x85 ,0x04,
0x4E ,0x21 ,0x00 ,0x00 ,0x2D ,0x00 ,0x02 ,0x39 ,0x00 ,0x03 ,0x48 ,0x00 ,0x04 ,0x1D ,0x00 ,0x08,
0x19 ,0x00 ,0x09 ,0x29 ,0x00 ,0x0A ,0x25 ,0x00 ,0x0B ,0x35 ,0x00 ,0x0C ,0x31 ,0x00 ,0x0D ,0x40,
0x00 ,0x1F ,0x44 ,0x00 ,0x28 ,0x29 ,0x06 ,0x00 ,0x35 ,0x06 ,0x02 ,0x41 ,0x06 ,0x03 ,0x50 ,0x06,
0x04 ,0x25 ,0x06 ,0x08 ,0x21 ,0x06 ,0x09 ,0x31 ,0x06 ,0x0A ,0x2D ,0x06 ,0x0B ,0x3D ,0x06 ,0x0C,
0x39 ,0x06 ,0x0D ,0x48 ,0x06 ,0x1F ,0x4C ,0x06 ,0x28 ,0x21 ,0x0A ,0x00 ,0x2D ,0x0A ,0x02 ,0x39,
0x0A ,0x03 ,0x48 ,0x0A ,0x04 ,0x1D ,0x0A ,0x08 ,0x19 ,0x0A ,0x09 ,0x29 ,0x0A ,0x0A ,0x25 ,0x0A,
0x0B ,0x35 ,0x0A ,0x0C ,0x31 ,0x0A ,0x0D ,0x40 ,0x0A ,0x1F ,0x44 ,0x0A ,0x28 ,0x48 ,0x0E ,0x07,
0x4C ,0x0E ,0x25 ,0x29 ,0x0F ,0x00 ,0x35 ,0x0F ,0x02 ,0x41 ,0x0F ,0x03 ,0x50 ,0x0F ,0x04 ,0x25,
0x0F ,0x08 ,0x21 ,0x0F ,0x09 ,0x31 ,0x0F ,0x0A ,0x2D ,0x0F ,0x0B ,0x3D ,0x0F ,0x0C ,0x39 ,0x0F,
0x0D ,0x4C ,0x0F ,0x10 ,0x48 ,0x0F ,0x12 ,0x40 ,0x10 ,0x07 ,0x44 ,0x10 ,0x25 ,0x21 ,0x12 ,0x00,
0x2D ,0x12 ,0x02 ,0x39 ,0x12 ,0x03 ,0x48 ,0x12 ,0x0F ,0x4C ,0x12 ,0x25 ,0x1D ,0x13 ,0x08 ,0x19,
0x13 ,0x09 ,0x29 ,0x13 ,0x0A ,0x25 ,0x13 ,0x0B ,0x35 ,0x13 ,0x0C ,0x31 ,0x13 ,0x0D ,0x44 ,0x13,
0x10 ,0x40 ,0x13 ,0x12 ,0x1D ,0x15 ,0x00 ,0x29 ,0x15 ,0x02 ,0x35 ,0x15 ,0x03 ,0x44 ,0x15 ,0x0F,
0x48 ,0x15 ,0x25 ,0x21 ,0x17 ,0x09 ,0x2D ,0x17 ,0x0B ,0x39 ,0x17 ,0x0D ,0x25 ,0x17 ,0x14 ,0x31,
0x17 ,0x17 ,0x3D ,0x17 ,0x1A ,0x48 ,0x17 ,0x1F ,0x4C ,0x17 ,0x2A ,0x88 ,0x04 ,0x35 ,0x44 ,0x00,
0x1A ,0x48 ,0x00 ,0x25 ,0x21 ,0x02 ,0x00 ,0x2D ,0x02 ,0x02 ,0x39 ,0x02 ,0x03 ,0x48 ,0x02 ,0x04,
0x1D ,0x02 ,0x0A ,0x19 ,0x02 ,0x0B ,0x29 ,0x02 ,0x0C ,0x25 ,0x02 ,0x0D ,0x35 ,0x02 ,0x0E ,0x31,
0x02 ,0x0F ,0x40 ,0x02 ,0x22 ,0x44 ,0x02 ,0x34 ,0x48 ,0x06 ,0x1A ,0x4C ,0x06 ,0x25 ,0x40 ,0x0A,
0x1A ,0x44 ,0x0A ,0x25 ,0x29 ,0x0C ,0x00 ,0x35 ,0x0C ,0x02 ,0x41 ,0x0C ,0x03 ,0x50 ,0x0C ,0x04,
0x25 ,0x0C ,0x0A ,0x21 ,0x0C ,0x0B ,0x31 ,0x0C ,0x0C ,0x2D ,0x0C ,0x0D ,0x3D ,0x0C ,0x0E ,0x39,
0x0C ,0x0F ,0x44 ,0x0C ,0x1A ,0x4C ,0x0C ,0x34 ,0x48 ,0x0C ,0x37 ,0x21 ,0x0F ,0x00 ,0x2D ,0x0F,
0x02 ,0x39 ,0x0F ,0x03 ,0x40 ,0x0F ,0x07 ,0x48 ,0x0F ,0x12 ,0x44 ,0x0F ,0x2C ,0x48 ,0x10 ,0x09,
0x1D ,0x10 ,0x0A ,0x19 ,0x10 ,0x0B ,0x29 ,0x10 ,0x0C ,0x25 ,0x10 ,0x0D ,0x35 ,0x10 ,0x0E ,0x31,
0x10 ,0x0F ,0x44 ,0x10 ,0x14 ,0x40 ,0x10 ,0x17 ,0x4C ,0x10 ,0x25 ,0x1D ,0x12 ,0x00 ,0x29 ,0x12,
0x02 ,0x35 ,0x12 ,0x03 ,0x4C ,0x12 ,0x08 ,0x44 ,0x12 ,0x11 ,0x48 ,0x12 ,0x2C ,0x04 ,0x1B ,0x56,
0x00 ,0x05 ,0x4A ,0x00 ,0x09 ,0x42 ,0x00 ,0x0A ,0x5E ,0x0A ,0x05 ,0x52 ,0x0A ,0x09 ,0x4A ,0x0A,
0x0A ,0x56 ,0x10 ,0x05 ,0x4A ,0x10 ,0x09 ,0x42 ,0x10 ,0x0A ,0x5E ,0x16 ,0x05 ,0x52 ,0x16 ,0x09,
0x4A ,0x16 ,0x0A ,0x56 ,0x1A ,0x05 ,0x4A ,0x1A ,0x09 ,0x42 ,0x1A ,0x0A ,0x5E ,0x1B ,0x05 ,0x52,
0x1B ,0x09 ,0x4A ,0x1B ,0x0A ,0x56 ,0x1D ,0x05 ,0x4A ,0x1D ,0x09 ,0x42 ,0x1D ,0x0A ,0x5E ,0x21,
0x05 ,0x52 ,0x21 ,0x09 ,0x4A ,0x21 ,0x0A ,0x56 ,0x25 ,0x05 ,0x4A ,0x25 ,0x09 ,0x42 ,0x25 ,0x0A,
0x05 ,0x1B ,0x36 ,0x00 ,0x07 ,0x42 ,0x00 ,0x08 ,0x3E ,0x00 ,0x0B ,0x3E ,0x06 ,0x07 ,0x4A ,0x06,
0x08 ,0x46 ,0x06 ,0x0B ,0x36 ,0x0A ,0x07 ,0x42 ,0x0A ,0x08 ,0x3E ,0x0A ,0x0B ,0x3E ,0x0E ,0x07,
0x4A ,0x0E ,0x08 ,0x46 ,0x0E ,0x0B ,0x36 ,0x10 ,0x07 ,0x42 ,0x10 ,0x08 ,0x3E ,0x10 ,0x0B ,0x4A,
0x13 ,0x01 ,0x3E ,0x13 ,0x02 ,0x46 ,0x13 ,0x09 ,0x3E ,0x14 ,0x04 ,0x4A ,0x14 ,0x05 ,0x46 ,0x14,
0x0A ,0x4A ,0x17 ,0x01 ,0x3E ,0x17 ,0x02 ,0x46 ,0x17 ,0x09 ,0x3E ,0x18 ,0x07 ,0x4A ,0x18 ,0x08,
0x46 ,0x18 ,0x0B ,0x0C ,0x13 ,0x3A ,0x00 ,0x06 ,0x46 ,0x00 ,0x07 ,0x42 ,0x00 ,0x0B ,0x38 ,0x06,
0x06 ,0x44 ,0x06 ,0x07 ,0x40 ,0x06 ,0x0B ,0x3E ,0x0A ,0x00 ,0x36 ,0x0A ,0x06 ,0x40 ,0x0C ,0x00,
0x38 ,0x0C ,0x06 ,0x46 ,0x0F ,0x01 ,0x3A ,0x0F ,0x02 ,0x42 ,0x0F ,0x08 ,0x3A ,0x11 ,0x04 ,0x46,
0x11 ,0x05 ,0x42 ,0x11 ,0x09 ,0x46 ,0x13 ,0x01 ,0x3A ,0x13 ,0x02 ,0x42 ,0x13 ,0x08 ,0x84 ,0x04,
0x5A ,0x47 ,0x00 ,0x03 ,0x56 ,0x00 ,0x04 ,0x1B ,0x00 ,0x06 ,0x23 ,0x00 ,0x07 ,0x27 ,0x00 ,0x08,
0x33 ,0x00 ,0x0A ,0x42 ,0x00 ,0x0C ,0x4A ,0x00 ,0x0D ,0x2F ,0x00 ,0x11 ,0x3B ,0x00 ,0x14 ,0x4F,
0x0A ,0x03 ,0x5E ,0x0A ,0x04 ,0x23 ,0x0A ,0x06 ,0x2B ,0x0A ,0x07 ,0x2F ,0x0A ,0x08 ,0x3B ,0x0A,
0x0A ,0x4A ,0x0A ,0x0C ,0x52 ,0x0A ,0x0D ,0x37 ,0x0A ,0x11 ,0x43 ,0x0A ,0x14 ,0x47 ,0x10 ,0x03,
0x56 ,0x10 ,0x04 ,0x1B ,0x10 ,0x06 ,0x23 ,0x10 ,0x07 ,0x27 ,0x10 ,0x08 ,0x33 ,0x10 ,0x0A ,0x42,
0x10 ,0x0C ,0x4A ,0x10 ,0x0D ,0x2F ,0x10 ,0x11 ,0x3B ,0x10 ,0x14 ,0x4F ,0x16 ,0x03 ,0x5E ,0x16,
0x04 ,0x23 ,0x16 ,0x06 ,0x2B ,0x16 ,0x07 ,0x2F ,0x16 ,0x08 ,0x3B ,0x16 ,0x0A ,0x4A ,0x16 ,0x0C,
0x52 ,0x16 ,0x0D ,0x37 ,0x16 ,0x11 ,0x43 ,0x16 ,0x14 ,0x47 ,0x1A ,0x03 ,0x56 ,0x1A ,0x04 ,0x1B,
0x1A ,0x06 ,0x23 ,0x1A ,0x07 ,0x27 ,0x1A ,0x08 ,0x33 ,0x1A ,0x0A ,0x42 ,0x1A ,0x0C ,0x4A ,0x1A,
0x0D ,0x2F ,0x1A ,0x11 ,0x3B ,0x1A ,0x14 ,0x4F ,0x1B ,0x03 ,0x5E ,0x1B ,0x04 ,0x23 ,0x1B ,0x06,
0x2B ,0x1B ,0x07 ,0x2F ,0x1B ,0x08 ,0x3B ,0x1B ,0x0A ,0x4A ,0x1B ,0x0C ,0x52 ,0x1B ,0x0D ,0x37,
0x1B ,0x11 ,0x43 ,0x1B ,0x14 ,0x47 ,0x1D ,0x03 ,0x56 ,0x1D ,0x04 ,0x1B ,0x1D ,0x06 ,0x23 ,0x1D,
0x07 ,0x27 ,0x1D ,0x08 ,0x33 ,0x1D ,0x0A ,0x42 ,0x1D ,0x0C ,0x4A ,0x1D ,0x0D ,0x2F ,0x1D ,0x11,
0x3B ,0x1D ,0x14 ,0x4F ,0x21 ,0x03 ,0x5E ,0x21 ,0x04 ,0x23 ,0x21 ,0x06 ,0x2B ,0x21 ,0x07 ,0x2F,
0x21 ,0x08 ,0x3B ,0x21 ,0x0A ,0x4A ,0x21 ,0x0C ,0x52 ,0x21 ,0x0D ,0x37 ,0x21 ,0x11 ,0x43 ,0x21,
0x14 ,0x47 ,0x25 ,0x03 ,0x56 ,0x25 ,0x04 ,0x1B ,0x25 ,0x06 ,0x23 ,0x25 ,0x07 ,0x27 ,0x25 ,0x08,
0x33 ,0x25 ,0x0A ,0x42 ,0x25 ,0x0C ,0x4A ,0x25 ,0x0D ,0x2F ,0x25 ,0x11 ,0x3B ,0x25 ,0x14 ,0x85,
0x04 ,0x57 ,0x47 ,0x00 ,0x03 ,0x56 ,0x00 ,0x04 ,0x36 ,0x00 ,0x07 ,0x1B ,0x00 ,0x08 ,0x23 ,0x00,
0x09 ,0x27 ,0x00 ,0x0A ,0x33 ,0x00 ,0x0C ,0x4A ,0x00 ,0x12 ,0x2F ,0x00 ,0x16 ,0x3B ,0x00 ,0x19,
0x42 ,0x00 ,0x1C ,0x3E ,0x00 ,0x20 ,0x4F ,0x06 ,0x03 ,0x5E ,0x06 ,0x04 ,0x3E ,0x06 ,0x07 ,0x23,
0x06 ,0x08 ,0x2B ,0x06 ,0x09 ,0x2F ,0x06 ,0x0A ,0x3B ,0x06 ,0x0C ,0x52 ,0x06 ,0x12 ,0x37 ,0x06,
0x16 ,0x43 ,0x06 ,0x19 ,0x4A ,0x06 ,0x1C ,0x46 ,0x06 ,0x20 ,0x47 ,0x0A ,0x03 ,0x56 ,0x0A ,0x04,
0x36 ,0x0A ,0x07 ,0x1B ,0x0A ,0x08 ,0x23 ,0x0A ,0x09 ,0x27 ,0x0A ,0x0A ,0x33 ,0x0A ,0x0C ,0x4A,
0x0A ,0x12 ,0x2F ,0x0A ,0x16 ,0x3B ,0x0A ,0x19 ,0x42 ,0x0A ,0x1C ,0x3E ,0x0A ,0x20 ,0x4A ,0x0E,
0x06 ,0x3E ,0x0E ,0x07 ,0x46 ,0x0E ,0x20 ,0x4F ,0x0F ,0x03 ,0x5E ,0x0F ,0x04 ,0x23 ,0x0F ,0x08,
0x2B ,0x0F ,0x09 ,0x2F ,0x0F ,0x0A ,0x3B ,0x0F ,0x0C ,0x4A ,0x0F ,0x10 ,0x52 ,0x0F ,0x12 ,0x37,
0x0F ,0x16 ,0x43 ,0x0F ,0x19 ,0x42 ,0x10 ,0x06 ,0x36 ,0x10 ,0x07 ,0x3E ,0x10 ,0x20 ,0x47 ,0x13,
0x03 ,0x56 ,0x13 ,0x04 ,0x1B ,0x13 ,0x08 ,0x23 ,0x13 ,0x09 ,0x27 ,0x13 ,0x0A ,0x33 ,0x13 ,0x0C,
0x42 ,0x13 ,0x10 ,0x4A ,0x13 ,0x12 ,0x2F ,0x13 ,0x16 ,0x3B ,0x13 ,0x19 ,0x4A ,0x14 ,0x06 ,0x3E,
0x14 ,0x07 ,0x46 ,0x14 ,0x20 ,0x4F ,0x17 ,0x03 ,0x5E ,0x17 ,0x04 ,0x23 ,0x17 ,0x08 ,0x2B ,0x17,
0x09 ,0x2F ,0x17 ,0x0A ,0x3B ,0x17 ,0x0C ,0x4A ,0x17 ,0x10 ,0x52 ,0x17 ,0x12 ,0x37 ,0x17 ,0x16,
0x43 ,0x17 ,0x19 ,0x4F ,0x18 ,0x03 ,0x5E ,0x18 ,0x04 ,0x3E ,0x18 ,0x07 ,0x23 ,0x18 ,0x08 ,0x2B,
0x18 ,0x09 ,0x2F ,0x18 ,0x0A ,0x3B ,0x18 ,0x0C ,0x52 ,0x18 ,0x12 ,0x37 ,0x18 ,0x16 ,0x43 ,0x18,
0x19 ,0x4A ,0x18 ,0x1C ,0x46 ,0x18 ,0x20 ,0x88 ,0x04 ,0x34 ,0x46 ,0x00 ,0x08 ,0x3A ,0x00 ,0x09,
0x42 ,0x00 ,0x25 ,0x47 ,0x02 ,0x03 ,0x56 ,0x02 ,0x04 ,0x36 ,0x02 ,0x07 ,0x1B ,0x02 ,0x0A ,0x23,
0x02 ,0x0B ,0x27 ,0x02 ,0x0C ,0x33 ,0x02 ,0x0E ,0x4A ,0x02 ,0x17 ,0x2F ,0x02 ,0x1B ,0x3B ,0x02,
0x1C ,0x42 ,0x02 ,0x1F ,0x3E ,0x02 ,0x24 ,0x44 ,0x06 ,0x08 ,0x38 ,0x06 ,0x09 ,0x40 ,0x06 ,0x25,
0x36 ,0x0A ,0x09 ,0x3E ,0x0A ,0x30 ,0x4F ,0x0C ,0x03 ,0x5E ,0x0C ,0x04 ,0x3E ,0x0C ,0x07 ,0x38,
0x0C ,0x09 ,0x23 ,0x0C ,0x0A ,0x2B ,0x0C ,0x0B ,0x2F ,0x0C ,0x0C ,0x3B ,0x0C ,0x0E ,0x52 ,0x0C,
0x17 ,0x37 ,0x0C ,0x1B ,0x43 ,0x0C ,0x1C ,0x4A ,0x0C ,0x1F ,0x46 ,0x0C ,0x24 ,0x40 ,0x0C ,0x30,
0x42 ,0x0F ,0x06 ,0x36 ,0x0F ,0x07 ,0x3E ,0x0F ,0x24 ,0x47 ,0x11 ,0x03 ,0x56 ,0x11 ,0x04 ,0x46,
0x11 ,0x08 ,0x3A ,0x11 ,0x09 ,0x1B ,0x11 ,0x0A ,0x23 ,0x11 ,0x0B ,0x27 ,0x11 ,0x0C ,0x33 ,0x11,
0x0E ,0x4A ,0x11 ,0x17 ,0x2F ,0x11 ,0x1B ,0x3B ,0x11 ,0x1C ,0x42 ,0x11 ,0x33 ,0x4A ,0x13 ,0x06,
0x3E ,0x13 ,0x07 ,0x46 ,0x13 ,0x24 ,0x04 ,0x21 ,0x30 ,0x00 ,0x05 ,0x14 ,0x00 ,0x06 ,0x20 ,0x00,
0x0B ,0x38 ,0x09 ,0x05 ,0x1C ,0x09 ,0x06 ,0x28 ,0x09 ,0x0B ,0x3A ,0x0C ,0x05 ,0x26 ,0x0C ,0x06,
0x32 ,0x0C ,0x0B ,0x32 ,0x0F ,0x05 ,0x1E ,0x0F ,0x06 ,0x2A ,0x0F ,0x0B ,0x34 ,0x11 ,0x05 ,0x2A,
0x11 ,0x06 ,0x36 ,0x11 ,0x0B ,0x3C ,0x16 ,0x05 ,0x32 ,0x16 ,0x06 ,0x3E ,0x16 ,0x0B ,0x34 ,0x1A,
0x05 ,0x2A ,0x1A ,0x06 ,0x36 ,0x1A ,0x0B ,0x3C ,0x1B ,0x05 ,0x32 ,0x1B ,0x06 ,0x3E ,0x1B ,0x0B,
0x3E ,0x1D ,0x05 ,0x30 ,0x1D ,0x06 ,0x3C ,0x1D ,0x0B ,0x46 ,0x20 ,0x05 ,0x38 ,0x20 ,0x06 ,0x44,
0x20 ,0x0B ,0x3E ,0x22 ,0x05 ,0x30 ,0x22 ,0x06 ,0x3C ,0x22 ,0x0B ,0x05 ,0x18 ,0x16 ,0x00 ,0x07,
0x2C ,0x00 ,0x08 ,0x22 ,0x00 ,0x0B ,0x1E ,0x05 ,0x07 ,0x34 ,0x05 ,0x08 ,0x2A ,0x05 ,0x0B ,0x22,
0x07 ,0x07 ,0x38 ,0x07 ,0x08 ,0x2E ,0x07 ,0x0B ,0x1A ,0x09 ,0x07 ,0x30 ,0x09 ,0x08 ,0x26 ,0x09,
0x0B ,0x38 ,0x0B ,0x00 ,0x2C ,0x0B ,0x07 ,0x40 ,0x0E ,0x00 ,0x34 ,0x0E ,0x07 ,0x38 ,0x10 ,0x00,
0x2C ,0x10 ,0x07 ,0x40 ,0x12 ,0x00 ,0x34 ,0x12 ,0x07 ,0x44 ,0x15 ,0x00 ,0x38 ,0x15 ,0x07 ,0x48,
0x17 ,0x00 ,0x3C ,0x17 ,0x07 ,0x0C ,0x0E ,0x1E ,0x00 ,0x06 ,0x34 ,0x00 ,0x07 ,0x2A ,0x00 ,0x0B,
0x1A ,0x06 ,0x06 ,0x30 ,0x06 ,0x07 ,0x26 ,0x06 ,0x0B ,0x38 ,0x0A ,0x00 ,0x2C ,0x0A ,0x06 ,0x3C,
0x0C ,0x00 ,0x30 ,0x0C ,0x06 ,0x40 ,0x0F ,0x00 ,0x34 ,0x0F ,0x06 ,0x48 ,0x12 ,0x00 ,0x3C ,0x12,
0x06 ,0x84 ,0x04 ,0x6E ,0x09 ,0x00 ,0x00 ,0xED ,0x00 ,0x01 ,0x15 ,0x00 ,0x02 ,0x21 ,0x00 ,0x03,
0x30 ,0x00 ,0x04 ,0x14 ,0x00 ,0x05 ,0x11 ,0x00 ,0x16 ,0x20 ,0x00 ,0x18 ,0xF9 ,0x00 ,0x19 ,0x05,
0x00 ,0x1B ,0x11 ,0x09 ,0x00 ,0xF5 ,0x09 ,0x01 ,0x1D ,0x09 ,0x02 ,0x29 ,0x09 ,0x03 ,0x38 ,0x09,
0x04 ,0x1C ,0x09 ,0x05 ,0x19 ,0x09 ,0x16 ,0x28 ,0x09 ,0x18 ,0x01 ,0x09 ,0x19 ,0x0D ,0x09 ,0x1B,
0x13 ,0x0C ,0x00 ,0xFF ,0x0C ,0x01 ,0x1F ,0x0C ,0x02 ,0x2B ,0x0C ,0x03 ,0x3A ,0x0C ,0x04 ,0x26,
0x0C ,0x05 ,0x23 ,0x0C ,0x16 ,0x32 ,0x0C ,0x18 ,0x0B ,0x0C ,0x19 ,0x17 ,0x0C ,0x1B ,0x0B ,0x0F,
0x00 ,0xF7 ,0x0F ,0x01 ,0x17 ,0x0F ,0x02 ,0x23 ,0x0F ,0x03 ,0x32 ,0x0F ,0x04 ,0x1E ,0x0F ,0x05,
0x1B ,0x0F ,0x16 ,0x2A ,0x0F ,0x18 ,0x03 ,0x0F ,0x19 ,0x0F ,0x0F ,0x1B ,0x0D ,0x11 ,0x00 ,0x03,
0x11 ,0x01 ,0x19 ,0x11 ,0x02 ,0x25 ,0x11 ,0x03 ,0x34 ,0x11 ,0x04 ,0x2A ,0x11 ,0x05 ,0x27 ,0x11,
0x16 ,0x36 ,0x11 ,0x18 ,0x0F ,0x11 ,0x19 ,0x1B ,0x11 ,0x1B ,0x15 ,0x16 ,0x00 ,0x0B ,0x16 ,0x01,
0x21 ,0x16 ,0x02 ,0x2D ,0x16 ,0x03 ,0x3C ,0x16 ,0x04 ,0x32 ,0x16 ,0x05 ,0x2F ,0x16 ,0x16 ,0x3E,
0x16 ,0x18 ,0x17 ,0x16 ,0x19 ,0x23 ,0x16 ,0x1B ,0x0D ,0x1A ,0x00 ,0x03 ,0x1A ,0x01 ,0x19 ,0x1A,
0x02 ,0x25 ,0x1A ,0x03 ,0x34 ,0x1A ,0x04 ,0x2A ,0x1A ,0x05 ,0x27 ,0x1A ,0x16 ,0x36 ,0x1A ,0x18,
0x0F ,0x1A ,0x19 ,0x1B ,0x1A ,0x1B ,0x15 ,0x1B ,0x00 ,0x0B ,0x1B ,0x01 ,0x21 ,0x1B ,0x02 ,0x2D,
0x1B ,0x03 ,0x3C ,0x1B ,0x04 ,0x32 ,0x1B ,0x05 ,0x2F ,0x1B ,0x16 ,0x3E ,0x1B ,0x18 ,0x17 ,0x1B,
0x19 ,0x23 ,0x1B ,0x1B ,0x17 ,0x1D ,0x00 ,0x09 ,0x1D ,0x01 ,0x23 ,0x1D ,0x02 ,0x2F ,0x1D ,0x03,
0x3E ,0x1D ,0x04 ,0x30 ,0x1D ,0x05 ,0x2D ,0x1D ,0x16 ,0x3C ,0x1D ,0x18 ,0x15 ,0x1D ,0x19 ,0x21,
0x1D ,0x1B ,0x1F ,0x20 ,0x00 ,0x11 ,0x20 ,0x01 ,0x2B ,0x20 ,0x02 ,0x37 ,0x20 ,0x03 ,0x46 ,0x20,
0x04 ,0x38 ,0x20 ,0x05 ,0x35 ,0x20 ,0x16 ,0x44 ,0x20 ,0x18 ,0x1D ,0x20 ,0x19 ,0x29 ,0x20 ,0x1B,
0x17 ,0x22 ,0x00 ,0x09 ,0x22 ,0x01 ,0x23 ,0x22 ,0x02 ,0x2F ,0x22 ,0x03 ,0x3E ,0x22 ,0x04 ,0x30,
0x22 ,0x05 ,0x2D ,0x22 ,0x16 ,0x3C ,0x22 ,0x18 ,0x15 ,0x22 ,0x19 ,0x21 ,0x22 ,0x1B ,0x85 ,0x04,
0x71 ,0x09 ,0x00 ,0x00 ,0xED ,0x00 ,0x01 ,0x15 ,0x00 ,0x02 ,0x21 ,0x00 ,0x03 ,0x30 ,0x00 ,0x04,
0x14 ,0x00 ,0x05 ,0x2C ,0x00 ,0x06 ,0x16 ,0x00 ,0x07 ,0x11 ,0x00 ,0x1B ,0x20 ,0x00 ,0x1E ,0x22,
0x00 ,0x20 ,0xF9 ,0x00 ,0x21 ,0x05 ,0x00 ,0x23 ,0x11 ,0x05 ,0x00 ,0xF5 ,0x05 ,0x01 ,0x1D ,0x05,
0x02 ,0x29 ,0x05 ,0x03 ,0x38 ,0x05 ,0x04 ,0x1C ,0x05 ,0x05 ,0x34 ,0x05 ,0x06 ,0x1E ,0x05 ,0x07,
0x19 ,0x05 ,0x1B ,0x28 ,0x05 ,0x1E ,0x2A ,0x05 ,0x20 ,0x01 ,0x05 ,0x21 ,0x0D ,0x05 ,0x23 ,0x13,
0x07 ,0x00 ,0xFF ,0x07 ,0x01 ,0x1F ,0x07 ,0x02 ,0x2B ,0x07 ,0x03 ,0x3A ,0x07 ,0x04 ,0x26 ,0x07,
0x05 ,0x38 ,0x07 ,0x06 ,0x22 ,0x07 ,0x07 ,0x23 ,0x07 ,0x1B ,0x32 ,0x07 ,0x1E ,0x2E ,0x07 ,0x20,
0x0B ,0x07 ,0x21 ,0x17 ,0x07 ,0x23 ,0x0B ,0x09 ,0x00 ,0xF7 ,0x09 ,0x01 ,0x17 ,0x09 ,0x02 ,0x23,
0x09 ,0x03 ,0x32 ,0x09 ,0x04 ,0x1E ,0x09 ,0x05 ,0x30 ,0x09 ,0x06 ,0x1A ,0x09 ,0x07 ,0x1B ,0x09,
0x1B ,0x2A ,0x09 ,0x1E ,0x26 ,0x09 ,0x20 ,0x03 ,0x09 ,0x21 ,0x0F ,0x09 ,0x23 ,0x0D ,0x0B ,0x00,
0x03 ,0x0B ,0x01 ,0x19 ,0x0B ,0x02 ,0x25 ,0x0B ,0x03 ,0x34 ,0x0B ,0x04 ,0x2A ,0x0B ,0x05 ,0x2C,
0x0B ,0x07 ,0x27 ,0x0B ,0x1B ,0x36 ,0x0B ,0x1E ,0x0F ,0x0B ,0x21 ,0x1B ,0x0B ,0x23 ,0x38 ,0x0B,
0x25 ,0x34 ,0x0E ,0x07 ,0x40 ,0x0E ,0x25 ,0x15 ,0x0F ,0x00 ,0x0B ,0x0F ,0x01 ,0x21 ,0x0F ,0x02,
0x2D ,0x0F ,0x03 ,0x3C ,0x0F ,0x04 ,0x32 ,0x0F ,0x05 ,0x2F ,0x0F ,0x1B ,0x3E ,0x0F ,0x1E ,0x17,
0x0F ,0x21 ,0x23 ,0x0F ,0x23 ,0x2C ,0x10 ,0x07 ,0x38 ,0x10 ,0x25 ,0x0D ,0x12 ,0x00 ,0x03 ,0x12,
0x01 ,0x19 ,0x12 ,0x02 ,0x25 ,0x12 ,0x03 ,0x2A ,0x12 ,0x05 ,0x34 ,0x12 ,0x0F ,0x27 ,0x12 ,0x1B,
0x36 ,0x12 ,0x1E ,0x0F ,0x12 ,0x21 ,0x1B ,0x12 ,0x23 ,0x40 ,0x12 ,0x25 ,0x17 ,0x15 ,0x00 ,0x09,
0x15 ,0x01 ,0x23 ,0x15 ,0x02 ,0x2F ,0x15 ,0x03 ,0x3E ,0x15 ,0x04 ,0x30 ,0x15 ,0x05 ,0x38 ,0x15,
0x07 ,0x2D ,0x15 ,0x1B ,0x3C ,0x15 ,0x1E ,0x15 ,0x15 ,0x21 ,0x21 ,0x15 ,0x23 ,0x44 ,0x15 ,0x25,
0x1F ,0x17 ,0x00 ,0x11 ,0x17 ,0x01 ,0x2B ,0x17 ,0x02 ,0x37 ,0x17 ,0x03 ,0x46 ,0x17 ,0x04 ,0x38,
0x17 ,0x05 ,0x3C ,0x17 ,0x07 ,0x35 ,0x17 ,0x1B ,0x44 ,0x17 ,0x1E ,0x1D ,0x17 ,0x21 ,0x29 ,0x17,
0x23 ,0x48 ,0x17 ,0x25 ,0x88 ,0x04 ,0x50 ,0x09 ,0x00 ,0x00 ,0xED ,0x00 ,0x01 ,0x15 ,0x00 ,0x02,
0x21 ,0x00 ,0x03 ,0x30 ,0x00 ,0x04 ,0x14 ,0x00 ,0x05 ,0x2C ,0x00 ,0x06 ,0x16 ,0x00 ,0x07 ,0x34,
0x00 ,0x08 ,0x1E ,0x00 ,0x09 ,0x11 ,0x00 ,0x1D ,0x20 ,0x00 ,0x20 ,0x22 ,0x00 ,0x24 ,0x2A ,0x00,
0x25 ,0xF9 ,0x00 ,0x27 ,0x05 ,0x00 ,0x29 ,0x0B ,0x06 ,0x00 ,0xF7 ,0x06 ,0x01 ,0x17 ,0x06 ,0x02,
0x23 ,0x06 ,0x03 ,0x32 ,0x06 ,0x04 ,0x1E ,0x06 ,0x05 ,0x30 ,0x06 ,0x18 ,0x1A ,0x06 ,0x19 ,0x1B,
0x06 ,0x1D ,0x2A ,0x06 ,0x20 ,0x03 ,0x06 ,0x27 ,0x0F ,0x06 ,0x29 ,0x26 ,0x06 ,0x38 ,0x0D ,0x0A,
0x00 ,0x03 ,0x0A ,0x01 ,0x19 ,0x0A ,0x02 ,0x25 ,0x0A ,0x03 ,0x34 ,0x0A ,0x04 ,0x2A ,0x0A ,0x05,
0x2C ,0x0A ,0x19 ,0x27 ,0x0A ,0x1D ,0x36 ,0x0A ,0x20 ,0x0F ,0x0A ,0x27 ,0x1B ,0x0A ,0x29 ,0x38,
0x0A ,0x39 ,0x15 ,0x0C ,0x00 ,0x0B ,0x0C ,0x01 ,0x21 ,0x0C ,0x02 ,0x2D ,0x0C ,0x03 ,0x32 ,0x0C,
0x05 ,0x34 ,0x0C ,0x07 ,0x30 ,0x0C ,0x09 ,0x2F ,0x0C ,0x1D ,0x3E ,0x0C ,0x20 ,0x17 ,0x0C ,0x27,
0x23 ,0x0C ,0x29 ,0x40 ,0x0C ,0x2C ,0x3C ,0x0C ,0x32 ,0x0D ,0x0F ,0x00 ,0x03 ,0x0F ,0x01 ,0x19,
0x0F ,0x02 ,0x25 ,0x0F ,0x03 ,0x2A ,0x0F ,0x05 ,0x2C ,0x0F ,0x07 ,0x34 ,0x0F ,0x13 ,0x27 ,0x0F,
0x1D ,0x36 ,0x0F ,0x20 ,0x0F ,0x0F ,0x27 ,0x1B ,0x0F ,0x29 ,0x38 ,0x0F ,0x2C ,0x40 ,0x0F ,0x30,
0x17 ,0x12 ,0x00 ,0x09 ,0x12 ,0x01 ,0x23 ,0x12 ,0x02 ,0x2F ,0x12 ,0x03 ,0x3E ,0x12 ,0x04 ,0x30,
0x12 ,0x05 ,0x38 ,0x12 ,0x07 ,0x2D ,0x12 ,0x1D ,0x15 ,0x12 ,0x27 ,0x21 ,0x12 ,0x29 ,0x3C ,0x12,
0x2B ,0x44 ,0x12 ,0x2C ,0x48 ,0x12 ,0x30 ,0x04 ,0x1B ,0x56 ,0x00 ,0x05 ,0x4A ,0x00 ,0x09 ,0x42,
0x00 ,0x0A ,0x5E ,0x0A ,0x05 ,0x52 ,0x0A ,0x09 ,0x4A ,0x0A ,0x0A ,0x56 ,0x10 ,0x05 ,0x4A ,0x10,
0x09 ,0x42 ,0x10 ,0x0A ,0x5E ,0x16 ,0x05 ,0x52 ,0x16 ,0x09 ,0x4A ,0x16 ,0x0A ,0x56 ,0x1A ,0x05,
0x4A ,0x1A ,0x09 ,0x42 ,0x1A ,0x0A ,0x5E ,0x1B ,0x05 ,0x52 ,0x1B ,0x09 ,0x4A ,0x1B ,0x0A ,0x56,
0x1D ,0x05 ,0x4A ,0x1D ,0x09 ,0x42 ,0x1D ,0x0A ,0x5E ,0x21 ,0x05 ,0x52 ,0x21 ,0x09 ,0x4A ,0x21,
0x0A ,0x56 ,0x25 ,0x05 ,0x4A ,0x25 ,0x09 ,0x42 ,0x25 ,0x0A ,0x05 ,0x1B ,0x36 ,0x00 ,0x07 ,0x42,
0x00 ,0x08 ,0x3E ,0x00 ,0x0B ,0x3E ,0x06 ,0x07 ,0x4A ,0x06 ,0x08 ,0x46 ,0x06 ,0x0B ,0x36 ,0x0A,
0x07 ,0x42 ,0x0A ,0x08 ,0x3E ,0x0A ,0x0B ,0x3E ,0x0E ,0x07 ,0x4A ,0x0E ,0x08 ,0x46 ,0x0E ,0x0B,
0x36 ,0x10 ,0x07 ,0x42 ,0x10 ,0x08 ,0x3E ,0x10 ,0x0B ,0x4A ,0x13 ,0x01 ,0x3E ,0x13 ,0x02 ,0x46,
0x13 ,0x09 ,0x3E ,0x14 ,0x04 ,0x4A ,0x14 ,0x05 ,0x46 ,0x14 ,0x0A ,0x4A ,0x17 ,0x01 ,0x3E ,0x17,
0x02 ,0x46 ,0x17 ,0x09 ,0x3E ,0x18 ,0x07 ,0x4A ,0x18 ,0x08 ,0x46 ,0x18 ,0x0B ,0x0C ,0x13 ,0x3A,
0x00 ,0x06 ,0x46 ,0x00 ,0x07 ,0x42 ,0x00 ,0x0B ,0x38 ,0x06 ,0x06 ,0x44 ,0x06 ,0x07 ,0x40 ,0x06,
0x0B ,0x3E ,0x0A ,0x00 ,0x36 ,0x0A ,0x06 ,0x40 ,0x0C ,0x00 ,0x38 ,0x0C ,0x06 ,0x46 ,0x0F ,0x01,
0x3A ,0x0F ,0x02 ,0x42 ,0x0F ,0x08 ,0x3A ,0x11 ,0x04 ,0x46 ,0x11 ,0x05 ,0x42 ,0x11 ,0x09 ,0x46,
0x13 ,0x01 ,0x3A ,0x13 ,0x02 ,0x42 ,0x13 ,0x08 ,0x84 ,0x04 ,0x5A ,0x47 ,0x00 ,0x03 ,0x56 ,0x00,
0x04 ,0x1B ,0x00 ,0x06 ,0x23 ,0x00 ,0x07 ,0x27 ,0x00 ,0x08 ,0x33 ,0x00 ,0x0A ,0x42 ,0x00 ,0x0C,
0x4A ,0x00 ,0x0D ,0x2F ,0x00 ,0x11 ,0x3B ,0x00 ,0x14 ,0x4F ,0x0A ,0x03 ,0x5E ,0x0A ,0x04 ,0x23,
0x0A ,0x06 ,0x2B ,0x0A ,0x07 ,0x2F ,0x0A ,0x08 ,0x3B ,0x0A ,0x0A ,0x4A ,0x0A ,0x0C ,0x52 ,0x0A,
0x0D ,0x37 ,0x0A ,0x11 ,0x43 ,0x0A ,0x14 ,0x47 ,0x10 ,0x03 ,0x56 ,0x10 ,0x04 ,0x1B ,0x10 ,0x06,
0x23 ,0x10 ,0x07 ,0x27 ,0x10 ,0x08 ,0x33 ,0x10 ,0x0A ,0x42 ,0x10 ,0x0C ,0x4A ,0x10 ,0x0D ,0x2F,
0x10 ,0x11 ,0x3B ,0x10 ,0x14 ,0x4F ,0x16 ,0x03 ,0x5E ,0x16 ,0x04 ,0x23 ,0x16 ,0x06 ,0x2B ,0x16,
0x07 ,0x2F ,0x16 ,0x08 ,0x3B ,0x16 ,0x0A ,0x4A ,0x16 ,0x0C ,0x52 ,0x16 ,0x0D ,0x37 ,0x16 ,0x11,
0x43 ,0x16 ,0x14 ,0x47 ,0x1A ,0x03 ,0x56 ,0x1A ,0x04 ,0x1B ,0x1A ,0x06 ,0x23 ,0x1A ,0x07 ,0x27,
0x1A ,0x08 ,0x33 ,0x1A ,0x0A ,0x42 ,0x1A ,0x0C ,0x4A ,0x1A ,0x0D ,0x2F ,0x1A ,0x11 ,0x3B ,0x1A,
0x14 ,0x4F ,0x1B ,0x03 ,0x5E ,0x1B ,0x04 ,0x23 ,0x1B ,0x06 ,0x2B ,0x1B ,0x07 ,0x2F ,0x1B ,0x08,
0x3B ,0x1B ,0x0A ,0x4A ,0x1B ,0x0C ,0x52 ,0x1B ,0x0D ,0x37 ,0x1B ,0x11 ,0x43 ,0x1B ,0x14 ,0x47,
0x1D ,0x03 ,0x56 ,0x1D ,0x04 ,0x1B ,0x1D ,0x06 ,0x23 ,0x1D ,0x07 ,0x27 ,0x1D ,0x08 ,0x33 ,0x1D,
0x0A ,0x42 ,0x1D ,0x0C ,0x4A ,0x1D ,0x0D ,0x2F ,0x1D ,0x11 ,0x3B ,0x1D ,0x14 ,0x4F ,0x21 ,0x03,
0x5E ,0x21 ,0x04 ,0x23 ,0x21 ,0x06 ,0x2B ,0x21 ,0x07 ,0x2F ,0x21 ,0x08 ,0x3B ,0x21 ,0x0A ,0x4A,
0x21 ,0x0C ,0x52 ,0x21 ,0x0D ,0x37 ,0x21 ,0x11 ,0x43 ,0x21 ,0x14 ,0x47 ,0x25 ,0x03 ,0x56 ,0x25,
0x04 ,0x1B ,0x25 ,0x06 ,0x23 ,0x25 ,0x07 ,0x27 ,0x25 ,0x08 ,0x33 ,0x25 ,0x0A ,0x42 ,0x25 ,0x0C,
0x4A ,0x25 ,0x0D ,0x2F ,0x25 ,0x11 ,0x3B ,0x25 ,0x14 ,0x85 ,0x04 ,0x57 ,0x47 ,0x00 ,0x03 ,0x56,
0x00 ,0x04 ,0x36 ,0x00 ,0x07 ,0x1B ,0x00 ,0x08 ,0x23 ,0x00 ,0x09 ,0x27 ,0x00 ,0x0A ,0x33 ,0x00,
0x0C ,0x4A ,0x00 ,0x12 ,0x2F ,0x00 ,0x16 ,0x3B ,0x00 ,0x19 ,0x42 ,0x00 ,0x1C ,0x3E ,0x00 ,0x20,
0x4F ,0x06 ,0x03 ,0x5E ,0x06 ,0x04 ,0x3E ,0x06 ,0x07 ,0x23 ,0x06 ,0x08 ,0x2B ,0x06 ,0x09 ,0x2F,
0x06 ,0x0A ,0x3B ,0x06 ,0x0C ,0x52 ,0x06 ,0x12 ,0x37 ,0x06 ,0x16 ,0x43 ,0x06 ,0x19 ,0x4A ,0x06,
0x1C ,0x46 ,0x06 ,0x20 ,0x47 ,0x0A ,0x03 ,0x56 ,0x0A ,0x04 ,0x36 ,0x0A ,0x07 ,0x1B ,0x0A ,0x08,
0x23 ,0x0A ,0x09 ,0x27 ,0x0A ,0x0A ,0x33 ,0x0A ,0x0C ,0x4A ,0x0A ,0x12 ,0x2F ,0x0A ,0x16 ,0x3B,
0x0A ,0x19 ,0x42 ,0x0A ,0x1C ,0x3E ,0x0A ,0x20 ,0x4A ,0x0E ,0x06 ,0x3E ,0x0E ,0x07 ,0x46 ,0x0E,
0x20 ,0x4F ,0x0F ,0x03 ,0x5E ,0x0F ,0x04 ,0x23 ,0x0F ,0x08 ,0x2B ,0x0F ,0x09 ,0x2F ,0x0F ,0x0A,
0x3B ,0x0F ,0x0C ,0x4A ,0x0F ,0x10 ,0x52 ,0x0F ,0x12 ,0x37 ,0x0F ,0x16 ,0x43 ,0x0F ,0x19 ,0x42,
0x10 ,0x06 ,0x36 ,0x10 ,0x07 ,0x3E ,0x10 ,0x20 ,0x47 ,0x13 ,0x03 ,0x56 ,0x13 ,0x04 ,0x1B ,0x13,
0x08 ,0x23 ,0x13 ,0x09 ,0x27 ,0x13 ,0x0A ,0x33 ,0x13 ,0x0C ,0x42 ,0x13 ,0x10 ,0x4A ,0x13 ,0x12,
0x2F ,0x13 ,0x16 ,0x3B ,0x13 ,0x19 ,0x4A ,0x14 ,0x06 ,0x3E ,0x14 ,0x07 ,0x46 ,0x14 ,0x20 ,0x4F,
0x17 ,0x03 ,0x5E ,0x17 ,0x04 ,0x23 ,0x17 ,0x08 ,0x2B ,0x17 ,0x09 ,0x2F ,0x17 ,0x0A ,0x3B ,0x17,
0x0C ,0x4A ,0x17 ,0x10 ,0x52 ,0x17 ,0x12 ,0x37 ,0x17 ,0x16 ,0x43 ,0x17 ,0x19 ,0x4F ,0x18 ,0x03,
0x5E ,0x18 ,0x04 ,0x3E ,0x18 ,0x07 ,0x23 ,0x18 ,0x08 ,0x2B ,0x18 ,0x09 ,0x2F ,0x18 ,0x0A ,0x3B,
0x18 ,0x0C ,0x52 ,0x18 ,0x12 ,0x37 ,0x18 ,0x16 ,0x43 ,0x18 ,0x19 ,0x4A ,0x18 ,0x1C ,0x46 ,0x18,
0x20 ,0x88 ,0x04 ,0x34 ,0x46 ,0x00 ,0x08 ,0x3A ,0x00 ,0x09 ,0x42 ,0x00 ,0x25 ,0x47 ,0x02 ,0x03,
0x56 ,0x02 ,0x04 ,0x36 ,0x02 ,0x07 ,0x1B ,0x02 ,0x0A ,0x23 ,0x02 ,0x0B ,0x27 ,0x02 ,0x0C ,0x33,
0x02 ,0x0E ,0x4A ,0x02 ,0x17 ,0x2F ,0x02 ,0x1B ,0x3B ,0x02 ,0x1C ,0x42 ,0x02 ,0x1F ,0x3E ,0x02,
0x24 ,0x44 ,0x06 ,0x08 ,0x38 ,0x06 ,0x09 ,0x40 ,0x06 ,0x25 ,0x36 ,0x0A ,0x09 ,0x3E ,0x0A ,0x30,
0x4F ,0x0C ,0x03 ,0x5E ,0x0C ,0x04 ,0x3E ,0x0C ,0x07 ,0x38 ,0x0C ,0x09 ,0x23 ,0x0C ,0x0A ,0x2B,
0x0C ,0x0B ,0x2F ,0x0C ,0x0C ,0x3B ,0x0C ,0x0E ,0x52 ,0x0C ,0x17 ,0x37 ,0x0C ,0x1B ,0x43 ,0x0C,
0x1C ,0x4A ,0x0C ,0x1F ,0x46 ,0x0C ,0x24 ,0x40 ,0x0C ,0x30 ,0x42 ,0x0F ,0x06 ,0x36 ,0x0F ,0x07,
0x3E ,0x0F ,0x24 ,0x47 ,0x11 ,0x03 ,0x56 ,0x11 ,0x04 ,0x46 ,0x11 ,0x08 ,0x3A ,0x11 ,0x09 ,0x1B,
0x11 ,0x0A ,0x23 ,0x11 ,0x0B ,0x27 ,0x11 ,0x0C ,0x33 ,0x11 ,0x0E ,0x4A ,0x11 ,0x17 ,0x2F ,0x11,
0x1B ,0x3B ,0x11 ,0x1C ,0x42 ,0x11 ,0x33 ,0x4A ,0x13 ,0x06 ,0x3E ,0x13 ,0x07 ,0x46 ,0x13 ,0x24,
0x11 ,0x08 ,0xFF ,0x06 ,0x02 ,0x18 ,0x02 ,0x18 ,0x03 ,0x86 ,0x02 ,0x02 ,0x18 ,0x02 ,0x18 ,0x03,
0x86 ,0x04 ,0x02 ,0x1E ,0x02 ,0x1E ,0x03 ,0x07 ,0x01 ,0x18 ,0x02 ,0x87 ,0x02 ,0x01 ,0x18 ,0x02,
0x87 ,0x04 ,0x01 ,0x1E ,0x02 ,0x0E ,0x01 ,0x18 ,0x03 ,0x8E ,0x02 ,0x01 ,0x18 ,0x03 ,0x8A ,0x04,
0x01 ,0x1E ,0x03 ,0x04 ,0x02 ,0xFF ,0x02 ,0xFF ,0x03 ,0x84 ,0x02 ,0x02 ,0xFF ,0x02 ,0xFF ,0x03,
0x84 ,0x04 ,0x02 ,0x05 ,0x02 ,0x05 ,0x03 ,0x05 ,0x01 ,0xFF ,0x02 ,0x85 ,0x02 ,0x01 ,0xFF ,0x02,
0x85 ,0x04 ,0x01 ,0x05 ,0x02 ,0x0C ,0x01 ,0xFF ,0x03 ,0x8C ,0x02 ,0x01 ,0xFF ,0x03 ,0x88 ,0x04,
0x01 ,0x05 ,0x03 ,0x00 ,0x02 ,0x36 ,0x02 ,0x05 ,0x36 ,0x03 ,0x05 ,0x11 ,0x08 ,0xFF ,0x06 ,0x02,
0x18 ,0x02 ,0x18 ,0x03 ,0x86 ,0x02 ,0x02 ,0x18 ,0x02 ,0x18 ,0x03 ,0x86 ,0x04 ,0x02 ,0x1E ,0x02,
0x1E ,0x03 ,0x86 ,0x20 ,0x02 ,0x0E ,0x02 ,0x0E ,0x03 ,0x86 ,0x22 ,0x02 ,0x0E ,0x02 ,0x0E ,0x03,
0x86 ,0x42 ,0x02 ,0x1E ,0x02 ,0x1E ,0x03 ,0x07 ,0x01 ,0x18 ,0x02 ,0x87 ,0x02 ,0x01 ,0x18 ,0x02,
0x87 ,0x04 ,0x01 ,0x1E ,0x02 ,0x87 ,0x20 ,0x01 ,0x0E ,0x02 ,0x87 ,0x22 ,0x01 ,0x0E ,0x02 ,0x87,
0x42 ,0x01 ,0x1E ,0x02 ,0x0E ,0x01 ,0x18 ,0x03 ,0x8E ,0x02 ,0x01 ,0x18 ,0x03 ,0x8E ,0x04 ,0x01,
0x1E ,0x03 ,0x8E ,0x20 ,0x01 ,0x0E ,0x03 ,0x8E ,0x22 ,0x01 ,0x0E ,0x03 ,0x8A ,0x42 ,0x01 ,0x1E,
0x03 ,0x04 ,0x02 ,0xFF ,0x02 ,0xFF ,0x03 ,0x84 ,0x02 ,0x02 ,0xFF ,0x02 ,0xFF ,0x03 ,0x84 ,0x04,
0x02 ,0x05 ,0x02 ,0x05 ,0x03 ,0x84 ,0x20 ,0x02 ,0xF8 ,0x02 ,0xF8 ,0x03 ,0x84 ,0x22 ,0x02 ,0xF8,
0x02 ,0xF8 ,0x03 ,0x84 ,0x42 ,0x02 ,0x11 ,0x02 ,0x11 ,0x03 ,0x05 ,0x01 ,0xFF ,0x02 ,0x85 ,0x02,
0x01 ,0xFF ,0x02 ,0x85 ,0x04 ,0x01 ,0x05 ,0x02 ,0x85 ,0x20 ,0x01 ,0xF8 ,0x02 ,0x85 ,0x22 ,0x01,
0xF8 ,0x02 ,0x85 ,0x42 ,0x01 ,0x11 ,0x02 ,0x0C ,0x01 ,0xFF ,0x03 ,0x8C ,0x02 ,0x01 ,0xFF ,0x03,
0x8C ,0x04 ,0x01 ,0x05 ,0x03 ,0x8C ,0x20 ,0x01 ,0xF8 ,0x03 ,0x8C ,0x22 ,0x01 ,0xF8 ,0x03 ,0x88,
0x42 ,0x01 ,0x11 ,0x03 ,0x04 ,0x02 ,0x78 ,0x02 ,0x05 ,0x78 ,0x03 ,0x05 ,0x84 ,0x20 ,0x02 ,0x78,
0x02 ,0x05 ,0x78 ,0x03 ,0x05 ,0x80 ,0x40 ,0x02 ,0x78 ,0x02 ,0x05 ,0x78 ,0x03 ,0x05 ,0x0F ,0x08,
0xFF ,0x06 ,0x01 ,0x17 ,0x00 ,0x86 ,0x02 ,0x01 ,0x17 ,0x00 ,0x86 ,0x04 ,0x01 ,0x17 ,0x00 ,0x86,
0x20 ,0x01 ,0x0E ,0x00 ,0x86 ,0x22 ,0x01 ,0x0E ,0x00 ,0x07 ,0x01 ,0x17 ,0x00 ,0x87 ,0x02 ,0x01,
0x17 ,0x00 ,0x87 ,0x04 ,0x01 ,0x17 ,0x00 ,0x87 ,0x20 ,0x01 ,0x0E ,0x00 ,0x87 ,0x22 ,0x01 ,0x0E,
0x00 ,0x0E ,0x01 ,0x17 ,0x01 ,0x8E ,0x02 ,0x01 ,0x17 ,0x01 ,0x8E ,0x04 ,0x01 ,0x17 ,0x01 ,0x8E,
0x20 ,0x01 ,0x0E ,0x01 ,0x8A ,0x22 ,0x01 ,0x0E ,0x01 ,0x04 ,0x01 ,0x0A ,0x00 ,0x84 ,0x02 ,0x01,
0x0A ,0x00 ,0x84 ,0x04 ,0x01 ,0x0A ,0x00 ,0x84 ,0x20 ,0x01 ,0x01 ,0x00 ,0x84 ,0x22 ,0x01 ,0x01,
0x00 ,0x05 ,0x01 ,0x0A ,0x00 ,0x85 ,0x02 ,0x01 ,0x0A ,0x00 ,0x85 ,0x04 ,0x01 ,0x0A ,0x00 ,0x85,
0x20 ,0x01 ,0x01 ,0x00 ,0x85 ,0x22 ,0x01 ,0x01 ,0x00 ,0x0C ,0x01 ,0x0A ,0x01 ,0x8C ,0x02 ,0x01,
0x0A ,0x01 ,0x8C ,0x04 ,0x01 ,0x0A ,0x01 ,0x8C ,0x20 ,0x01 ,0x01 ,0x01 ,0x88 ,0x22 ,0x01 ,0x01,
0x01 ,0x04 ,0x01 ,0x5C ,0x00 ,0x05 ,0x80 ,0x20 ,0x01 ,0x38 ,0x00 ,0x05 ,0x10 ,0x08 ,0xFF ,0x06,
0x02 ,0x18 ,0x00 ,0x18 ,0x03 ,0x86 ,0x02 ,0x02 ,0x18 ,0x00 ,0x18 ,0x03 ,0x86 ,0x04 ,0x02 ,0x18,
0x00 ,0x18 ,0x03 ,0x86 ,0x20 ,0x02 ,0x0E ,0x00 ,0x0E ,0x03 ,0x86 ,0x22 ,0x02 ,0x0E ,0x00 ,0x0E,
0x03 ,0x07 ,0x01 ,0x18 ,0x00 ,0x87 ,0x02 ,0x01 ,0x18 ,0x00 ,0x87 ,0x04 ,0x01 ,0x18 ,0x00 ,0x87,
0x20 ,0x01 ,0x0E ,0x00 ,0x87 ,0x22 ,0x01 ,0x0E ,0x00 ,0x0E ,0x01 ,0x18 ,0x01 ,0x8E ,0x02 ,0x01,
0x18 ,0x01 ,0x8E ,0x04 ,0x01 ,0x18 ,0x01 ,0x8E ,0x20 ,0x01 ,0x0E ,0x01 ,0x8A ,0x22 ,0x01 ,0x0E,
0x01 ,0x04 ,0x02 ,0x0B ,0x00 ,0x0B ,0x03 ,0x84 ,0x02 ,0x02 ,0x0B ,0x00 ,0x0B ,0x03 ,0x84 ,0x04,
0x02 ,0x0B ,0x00 ,0x0B ,0x03 ,0x84 ,0x20 ,0x02 ,0x0B ,0x00 ,0x0B ,0x03 ,0x84 ,0x22 ,0x02 ,0x0B,
0x00 ,0x0B ,0x03 ,0x05 ,0x01 ,0x0B ,0x00 ,0x85 ,0x02 ,0x01 ,0x0B ,0x00 ,0x85 ,0x04 ,0x01 ,0x0B,
0x00 ,0x85 ,0x20 ,0x01 ,0x0B ,0x00 ,0x85 ,0x22 ,0x01 ,0x0B ,0x00 ,0x0C ,0x01 ,0x0B ,0x01 ,0x8C,
0x02 ,0x01 ,0x0B ,0x01 ,0x8C ,0x04 ,0x01 ,0x0B ,0x01 ,0x8C ,0x20 ,0x01 ,0x0B ,0x01 ,0x88 ,0x22,
0x01 ,0x0B ,0x01 ,0x04 ,0x02 ,0x60 ,0x00 ,0x05 ,0x60 ,0x03 ,0x05 ,0x80 ,0x20 ,0x02 ,0x38 ,0x00,
0x05 ,0x38 ,0x03 ,0x05 ,0x0F ,0x08 ,0xFF ,0x06 ,0x01 ,0x17 ,0x00 ,0x86 ,0x02 ,0x01 ,0x17 ,0x00,
0x86 ,0x04 ,0x01 ,0x17 ,0x00 ,0x86 ,0x20 ,0x01 ,0x0E ,0x00 ,0x86 ,0x22 ,0x01 ,0x0E ,0x00 ,0x07,
0x01 ,0x17 ,0x00 ,0x87 ,0x02 ,0x01 ,0x17 ,0x00 ,0x87 ,0x04 ,0x01 ,0x17 ,0x00 ,0x87 ,0x20 ,0x01,
0x0E ,0x00 ,0x87 ,0x22 ,0x01 ,0x0E ,0x00 ,0x0E ,0x01 ,0x17 ,0x01 ,0x8E ,0x02 ,0x01 ,0x17 ,0x01,
0x8E ,0x04 ,0x01 ,0x17 ,0x01 ,0x8E ,0x20 ,0x01 ,0x0E ,0x01 ,0x8A ,0x22 ,0x01 ,0x0E ,0x01 ,0x04,
0x01 ,0x0A ,0x00 ,0x84 ,0x02 ,0x01 ,0x0A ,0x00 ,0x84 ,0x04 ,0x01 ,0x0A ,0x00 ,0x84 ,0x20 ,0x01,
0x01 ,0x00 ,0x84 ,0x22 ,0x01 ,0x01 ,0x00 ,0x05 ,0x01 ,0x0A ,0x00 ,0x85 ,0x02 ,0x01 ,0x0A ,0x00,
0x85 ,0x04 ,0x01 ,0x0A ,0x00 ,0x85 ,0x20 ,0x01 ,0x01 ,0x00 ,0x85 ,0x22 ,0x01 ,0x01 ,0x00 ,0x0C,
0x01 ,0x0A ,0x01 ,0x8C ,0x02 ,0x01 ,0x0A ,0x01 ,0x8C ,0x04 ,0x01 ,0x0A ,0x01 ,0x8C ,0x20 ,0x01,
0x01 ,0x01 ,0x88 ,0x22 ,0x01 ,0x01 ,0x01 ,0x04 ,0x01 ,0x5C ,0x00 ,0x05 ,0x80 ,0x20 ,0x01 ,0x38,
0x00 ,0x05 ,0x11 ,0x08 ,0xFF ,0x06 ,0x02 ,0x0F ,0x02 ,0x0F ,0x03 ,0x86 ,0x02 ,0x02 ,0x0F ,0x02,
0x0F ,0x03 ,0x86 ,0x04 ,0x02 ,0x0F ,0x02 ,0x0F ,0x03 ,0x86 ,0x20 ,0x02 ,0x0E ,0x00 ,0x0E ,0x03,
0x86 ,0x22 ,0x02 ,0x0E ,0x00 ,0x0E ,0x03 ,0x07 ,0x01 ,0x12 ,0x02 ,0x87 ,0x02 ,0x01 ,0x12 ,0x02,
0x87 ,0x04 ,0x01 ,0x12 ,0x02 ,0x87 ,0x20 ,0x01 ,0x0E ,0x00 ,0x87 ,0x22 ,0x01 ,0x0E ,0x00 ,0x0E,
0x01 ,0x15 ,0x03 ,0x8E ,0x02 ,0x01 ,0x15 ,0x03 ,0x8E ,0x04 ,0x01 ,0x15 ,0x03 ,0x8E ,0x20 ,0x01,
0x0E ,0x01 ,0x8A ,0x22 ,0x01 ,0x0E ,0x01 ,0x04 ,0x02 ,0x02 ,0x02 ,0x02 ,0x03 ,0x84 ,0x02 ,0x02,
0x02 ,0x02 ,0x02 ,0x03 ,0x84 ,0x04 ,0x02 ,0x02 ,0x02 ,0x02 ,0x03 ,0x84 ,0x20 ,0x02 ,0x01 ,0x00,
0x01 ,0x03 ,0x84 ,0x22 ,0x02 ,0x01 ,0x00 ,0x01 ,0x03 ,0x05 ,0x01 ,0x02 ,0x02 ,0x85 ,0x02 ,0x01,
0x02 ,0x02 ,0x85 ,0x04 ,0x01 ,0x02 ,0x02 ,0x85 ,0x20 ,0x01 ,0x01 ,0x00 ,0x85 ,0x22 ,0x01 ,0x01,
0x00 ,0x0C ,0x01 ,0x02 ,0x03 ,0x8C ,0x02 ,0x01 ,0x02 ,0x03 ,0x8C ,0x04 ,0x01 ,0x02 ,0x03 ,0x8C,
0x20 ,0x01 ,0x01 ,0x01 ,0x88 ,0x22 ,0x01 ,0x01 ,0x01 ,0x04 ,0x03 ,0x42 ,0x01 ,0x05 ,0x1A ,0x03,
0x05 ,0x1E ,0x05 ,0x05 ,0x80 ,0x20 ,0x02 ,0x3A ,0x00 ,0x05 ,0x02 ,0x03 ,0x05 ,0x11 ,0x08 ,0xFF,
0x06 ,0x02 ,0x18 ,0x02 ,0x18 ,0x03 ,0x86 ,0x02 ,0x02 ,0x18 ,0x02 ,0x18 ,0x03 ,0x86 ,0x04 ,0x02,
0x1E ,0x02 ,0x1E ,0x03 ,0x86 ,0x20 ,0x02 ,0x0E ,0x02 ,0x0E ,0x03 ,0x86 ,0x22 ,0x02 ,0x0E ,0x02,
0x0E ,0x03 ,0x86 ,0x42 ,0x03 ,0x1E ,0x00 ,0x1E ,0x03 ,0x1E ,0x04 ,0x07 ,0x02 ,0x18 ,0x01 ,0x18,
0x04 ,0x87 ,0x02 ,0x02 ,0x18 ,0x01 ,0x18 ,0x04 ,0x87 ,0x04 ,0x02 ,0x1E ,0x01 ,0x1E ,0x04 ,0x87,
0x20 ,0x02 ,0x0E ,0x01 ,0x0E ,0x04 ,0x87 ,0x22 ,0x02 ,0x0E ,0x01 ,0x0E ,0x04 ,0x87 ,0x42 ,0x02,
0x1E ,0x00 ,0x1E ,0x03 ,0x0E ,0x03 ,0x18 ,0x02 ,0x18 ,0x05 ,0x18 ,0x06 ,0x8E ,0x02 ,0x03 ,0x18,
0x02 ,0x18 ,0x05 ,0x18 ,0x06 ,0x8E ,0x04 ,0x03 ,0x1E ,0x02 ,0x1E ,0x05 ,0x1E ,0x06 ,0x8E ,0x20,
0x03 ,0x0E ,0x02 ,0x0E ,0x05 ,0x0E ,0x06 ,0x8E ,0x22 ,0x03 ,0x0E ,0x02 ,0x0E ,0x05 ,0x0E ,0x06,
0x8A ,0x42 ,0x02 ,0x1E ,0x01 ,0x1E ,0x05 ,0x04 ,0x02 ,0xFF ,0x02 ,0xFF ,0x03 ,0x84 ,0x02 ,0x02,
0xFF ,0x02 ,0xFF ,0x03 ,0x84 ,0x04 ,0x02 ,0x05 ,0x02 ,0x05 ,0x03 ,0x84 ,0x20 ,0x02 ,0xF8 ,0x02,
0xF8 ,0x03 ,0x84 ,0x22 ,0x02 ,0xF8 ,0x02 ,0xF8 ,0x03 ,0x84 ,0x42 ,0x03 ,0x11 ,0x00 ,0x11 ,0x03,
0x11 ,0x04 ,0x05 ,0x02 ,0xFF ,0x01 ,0xFF ,0x04 ,0x85 ,0x02 ,0x02 ,0xFF ,0x01 ,0xFF ,0x04 ,0x85,
0x04 ,0x02 ,0x05 ,0x01 ,0x05 ,0x04 ,0x85 ,0x20 ,0x02 ,0xF8 ,0x01 ,0xF8 ,0x04 ,0x85 ,0x22 ,0x02,
0xF8 ,0x01 ,0xF8 ,0x04 ,0x85 ,0x42 ,0x02 ,0x11 ,0x00 ,0x11 ,0x03 ,0x0C ,0x03 ,0xFF ,0x02 ,0xFF,
0x05 ,0xFF ,0x06 ,0x8C ,0x02 ,0x03 ,0xFF ,0x02 ,0xFF ,0x05 ,0xFF ,0x06 ,0x8C ,0x04 ,0x03 ,0x05,
0x02 ,0x05 ,0x05 ,0x05 ,0x06 ,0x8C ,0x20 ,0x03 ,0xF8 ,0x02 ,0xF8 ,0x05 ,0xF8 ,0x06 ,0x8C ,0x22,
0x03 ,0xF8 ,0x02 ,0xF8 ,0x05 ,0xF8 ,0x06 ,0x88 ,0x42 ,0x02 ,0x11 ,0x01 ,0x11 ,0x05 ,0x04 ,0x02,
0x36 ,0x02 ,0x05 ,0x36 ,0x03 ,0x05 ,0x84 ,0x20 ,0x02 ,0x0C ,0x02 ,0x05 ,0xF0 ,0x03 ,0x05 ,0x80,
0x40 ,0x03 ,0x78 ,0x00 ,0x05 ,0x78 ,0x03 ,0x05 ,0x78 ,0x04 ,0x05 ,0x04 ,0x04 ,0x36 ,0x02 ,0x00,
0x2A ,0x02 ,0x03 ,0x36 ,0x03 ,0x00 ,0x2A ,0x03 ,0x03 ,0x05 ,0x02 ,0x42 ,0x02 ,0x01 ,0x36 ,0x02,
0x03 ,0x0C ,0x02 ,0x4E ,0x03 ,0x01 ,0x42 ,0x03 ,0x03 ,0x84 ,0x04 ,0x0C ,0x22 ,0x02 ,0x01 ,0x36,
0x02 ,0x02 ,0xFE ,0x02 ,0x08 ,0x2A ,0x02 ,0x0D ,0x0A ,0x02 ,0x0E ,0x16 ,0x02 ,0x11 ,0x22 ,0x03,
0x01 ,0x36 ,0x03 ,0x02 ,0xFE ,0x03 ,0x08 ,0x2A ,0x03 ,0x0D ,0x0A ,0x03 ,0x0E ,0x16 ,0x03 ,0x11,
0x85 ,0x04 ,0x07 ,0x22 ,0x02 ,0x01 ,0x42 ,0x02 ,0x03 ,0xFE ,0x02 ,0x08 ,0x2A ,0x02 ,0x0C ,0x0A,
0x02 ,0x0F ,0x16 ,0x02 ,0x12 ,0x36 ,0x02 ,0x15 ,0x88 ,0x04 ,0x08 ,0x22 ,0x03 ,0x01 ,0x4E ,0x03,
0x04 ,0xFE ,0x03 ,0x09 ,0x2A ,0x03 ,0x0C ,0x0A ,0x03 ,0x10 ,0x16 ,0x03 ,0x12 ,0x36 ,0x03 ,0x15,
0x42 ,0x03 ,0x17 ,0x04 ,0x02 ,0x78 ,0x02 ,0x04 ,0x78 ,0x03 ,0x04 ,0x84 ,0x20 ,0x02 ,0x78 ,0x02,
0x04 ,0x78 ,0x03 ,0x04 ,0x84 ,0x40 ,0x02 ,0x78 ,0x02 ,0x04 ,0x78 ,0x03 ,0x04 ,0x05 ,0x01 ,0x78,
0x02 ,0x04 ,0x85 ,0x20 ,0x01 ,0x78 ,0x02 ,0x04 ,0x85 ,0x40 ,0x01 ,0x78 ,0x02 ,0x04 ,0x0C ,0x01,
0x78 ,0x03 ,0x04 ,0x8C ,0x20 ,0x01 ,0x78 ,0x03 ,0x04 ,0x8C ,0x40 ,0x01 ,0x78 ,0x03 ,0x04 ,0x84,
0x04 ,0x02 ,0x78 ,0x02 ,0x05 ,0x78 ,0x03 ,0x05 ,0x84 ,0x24 ,0x02 ,0x78 ,0x02 ,0x05 ,0x78 ,0x03,
0x05 ,0x84 ,0x44 ,0x02 ,0x78 ,0x02 ,0x05 ,0x78 ,0x03 ,0x05 ,0x85 ,0x04 ,0x01 ,0x78 ,0x02 ,0x07,
0x85 ,0x24 ,0x01 ,0x78 ,0x02 ,0x07 ,0x85 ,0x44 ,0x01 ,0x78 ,0x02 ,0x07 ,0x8C ,0x04 ,0x01 ,0x78,
0x03 ,0x08 ,0x8C ,0x24 ,0x01 ,0x78 ,0x03 ,0x08 ,0x88 ,0x44 ,0x01 ,0x78 ,0x03 ,0x08 ,0x04 ,0x03,
0x5C ,0x00 ,0x00 ,0x44 ,0x00 ,0x01 ,0x50 ,0x00 ,0x02 ,0x84 ,0x20 ,0x03 ,0x38 ,0x00 ,0x00 ,0x20,
0x00 ,0x01 ,0x2C ,0x00 ,0x02 ,0x05 ,0x03 ,0x44 ,0x00 ,0x00 ,0x5C ,0x00 ,0x01 ,0x50 ,0x00 ,0x02,
0x85 ,0x20 ,0x03 ,0x20 ,0x00 ,0x00 ,0x38 ,0x00 ,0x01 ,0x2C ,0x00 ,0x02 ,0x0C ,0x03 ,0x44 ,0x01,
0x00 ,0x5C ,0x01 ,0x01 ,0x50 ,0x01 ,0x02 ,0x8C ,0x20 ,0x03 ,0x20 ,0x01 ,0x00 ,0x38 ,0x01 ,0x01,
0x2C ,0x01 ,0x02 ,0x84 ,0x04 ,0x08 ,0x1D ,0x00 ,0x00 ,0x4D ,0x00 ,0x01 ,0x5C ,0x00 ,0x02 ,0x44,
0x00 ,0x03 ,0x50 ,0x00 ,0x06 ,0x29 ,0x00 ,0x09 ,0x41 ,0x00 ,0x0B ,0x35 ,0x00 ,0x0F ,0x84 ,0x24,
0x08 ,0xF9 ,0x00 ,0x00 ,0x29 ,0x00 ,0x01 ,0x38 ,0x00 ,0x02 ,0x20 ,0x00 ,0x03 ,0x2C ,0x00 ,0x06,
0x05 ,0x00 ,0x09 ,0x1D ,0x00 ,0x0B ,0x11 ,0x00 ,0x0F ,0x85 ,0x04 ,0x08 ,0x1D ,0x00 ,0x00 ,0x4D,
0x00 ,0x01 ,0x5C ,0x00 ,0x05 ,0x44 ,0x00 ,0x06 ,0x29 ,0x00 ,0x09 ,0x41 ,0x00 ,0x0A ,0x35 ,0x00,
0x10 ,0x50 ,0x00 ,0x16 ,0x85 ,0x24 ,0x08 ,0xF9 ,0x00 ,0x00 ,0x29 ,0x00 ,0x01 ,0x38 ,0x00 ,0x05,
0x20 ,0x00 ,0x06 ,0x05 ,0x00 ,0x09 ,0x1D ,0x00 ,0x0A ,0x11 ,0x00 ,0x10 ,0x2C ,0x00 ,0x16 ,0x8C,
0x04 ,0x08 ,0x1D ,0x01 ,0x00 ,0x4D ,0x01 ,0x01 ,0x5C ,0x01 ,0x06 ,0x44 ,0x01 ,0x07 ,0x29 ,0x01,
0x0A ,0x41 ,0x01 ,0x0B ,0x35 ,0x01 ,0x11 ,0x50 ,0x01 ,0x1A ,0x88 ,0x24 ,0x08 ,0xF9 ,0x01 ,0x00,
0x29 ,0x01 ,0x01 ,0x38 ,0x01 ,0x06 ,0x20 ,0x01 ,0x07 ,0x05 ,0x01 ,0x0A ,0x1D ,0x01 ,0x0B ,0x11,
0x01 ,0x11 ,0x2C ,0x01 ,0x1A ,0x04 ,0x06 ,0x60 ,0x00 ,0x00 ,0x48 ,0x00 ,0x01 ,0x54 ,0x00 ,0x02,
0x60 ,0x03 ,0x00 ,0x48 ,0x03 ,0x01 ,0x54 ,0x03 ,0x02 ,0x84 ,0x20 ,0x06 ,0x38 ,0x00 ,0x00 ,0x20,
0x00 ,0x01 ,0x2C ,0x00 ,0x02 ,0x38 ,0x03 ,0x00 ,0x20 ,0x03 ,0x01 ,0x2C ,0x03 ,0x02 ,0x05 ,0x03,
0x48 ,0x00 ,0x00 ,0x60 ,0x00 ,0x01 ,0x54 ,0x00 ,0x02 ,0x85 ,0x20 ,0x03 ,0x20 ,0x00 ,0x00 ,0x38,
0x00 ,0x01 ,0x2C ,0x00 ,0x02 ,0x0C ,0x03 ,0x48 ,0x01 ,0x00 ,0x60 ,0x01 ,0x01 ,0x54 ,0x01 ,0x02,
0x8C ,0x20 ,0x03 ,0x20 ,0x01 ,0x00 ,0x38 ,0x01 ,0x01 ,0x2C ,0x01 ,0x02 ,0x84 ,0x04 ,0x10 ,0x21,
0x00 ,0x00 ,0x51 ,0x00 ,0x01 ,0x60 ,0x00 ,0x02 ,0x48 ,0x00 ,0x03 ,0x54 ,0x00 ,0x06 ,0x2D ,0x00,
0x09 ,0x45 ,0x00 ,0x0B ,0x39 ,0x00 ,0x0F ,0x21 ,0x03 ,0x00 ,0x51 ,0x03 ,0x01 ,0x60 ,0x03 ,0x02,
0x48 ,0x03 ,0x03 ,0x54 ,0x03 ,0x06 ,0x2D ,0x03 ,0x09 ,0x45 ,0x03 ,0x0B ,0x39 ,0x03 ,0x0F ,0x84,
0x24 ,0x06 ,0x2C ,0x00 ,0x04 ,0x38 ,0x00 ,0x07 ,0x20 ,0x00 ,0x0A ,0x2C ,0x03 ,0x04 ,0x38 ,0x03,
0x07 ,0x20 ,0x03 ,0x0A ,0x85 ,0x04 ,0x08 ,0x21 ,0x00 ,0x00 ,0x51 ,0x00 ,0x01 ,0x60 ,0x00 ,0x05,
0x48 ,0x00 ,0x06 ,0x2D ,0x00 ,0x09 ,0x45 ,0x00 ,0x0A ,0x39 ,0x00 ,0x10 ,0x54 ,0x00 ,0x16 ,0x85,
0x24 ,0x03 ,0x2C ,0x00 ,0x04 ,0x38 ,0x00 ,0x0E ,0x20 ,0x00 ,0x11 ,0x8C ,0x04 ,0x08 ,0x21 ,0x01,
0x00 ,0x51 ,0x01 ,0x01 ,0x60 ,0x01 ,0x06 ,0x48 ,0x01 ,0x07 ,0x2D ,0x01 ,0x0A ,0x45 ,0x01 ,0x0B,
0x39 ,0x01 ,0x11 ,0x54 ,0x01 ,0x1A ,0x88 ,0x24 ,0x03 ,0x2C ,0x01 ,0x05 ,0x38 ,0x01 ,0x18 ,0x20,
0x01 ,0x19 ,0x04 ,0x03 ,0x5C ,0x00 ,0x00 ,0x44 ,0x00 ,0x01 ,0x50 ,0x00 ,0x02 ,0x84 ,0x20 ,0x03,
0x38 ,0x00 ,0x00 ,0x20 ,0x00 ,0x01 ,0x2C ,0x00 ,0x02 ,0x05 ,0x03 ,0x44 ,0x00 ,0x00 ,0x5C ,0x00,
0x01 ,0x50 ,0x00 ,0x02 ,0x85 ,0x20 ,0x03 ,0x20 ,0x00 ,0x00 ,0x38 ,0x00 ,0x01 ,0x2C ,0x00 ,0x02,
0x0C ,0x03 ,0x44 ,0x01 ,0x00 ,0x5C ,0x01 ,0x01 ,0x50 ,0x01 ,0x02 ,0x8C ,0x20 ,0x03 ,0x20 ,0x01,
0x00 ,0x38 ,0x01 ,0x01 ,0x2C ,0x01 ,0x02 ,0x84 ,0x04 ,0x08 ,0x1D ,0x00 ,0x00 ,0x4D ,0x00 ,0x01,
0x5C ,0x00 ,0x02 ,0x44 ,0x00 ,0x03 ,0x50 ,0x00 ,0x06 ,0x29 ,0x00 ,0x09 ,0x41 ,0x00 ,0x0B ,0x35,
0x00 ,0x0F ,0x84 ,0x24 ,0x08 ,0xF9 ,0x00 ,0x00 ,0x29 ,0x00 ,0x01 ,0x38 ,0x00 ,0x02 ,0x20 ,0x00,
0x03 ,0x2C ,0x00 ,0x06 ,0x05 ,0x00 ,0x09 ,0x1D ,0x00 ,0x0B ,0x11 ,0x00 ,0x0F ,0x85 ,0x04 ,0x08,
0x1D ,0x00 ,0x00 ,0x4D ,0x00 ,0x01 ,0x5C ,0x00 ,0x05 ,0x44 ,0x00 ,0x06 ,0x29 ,0x00 ,0x09 ,0x41,
0x00 ,0x0A ,0x35 ,0x00 ,0x10 ,0x50 ,0x00 ,0x16 ,0x85 ,0x24 ,0x08 ,0xF9 ,0x00 ,0x00 ,0x29 ,0x00,
0x01 ,0x38 ,0x00 ,0x05 ,0x20 ,0x00 ,0x06 ,0x05 ,0x00 ,0x09 ,0x1D ,0x00 ,0x0A ,0x11 ,0x00 ,0x10,
0x2C ,0x00 ,0x16 ,0x8C ,0x04 ,0x08 ,0x1D ,0x01 ,0x00 ,0x4D ,0x01 ,0x01 ,0x5C ,0x01 ,0x06 ,0x44,
0x01 ,0x07 ,0x29 ,0x01 ,0x0A ,0x41 ,0x01 ,0x0B ,0x35 ,0x01 ,0x11 ,0x50 ,0x01 ,0x1A ,0x88 ,0x24,
0x08 ,0xF9 ,0x01 ,0x00 ,0x29 ,0x01 ,0x01 ,0x38 ,0x01 ,0x06 ,0x20 ,0x01 ,0x07 ,0x05 ,0x01 ,0x0A,
0x1D ,0x01 ,0x0B ,0x11 ,0x01 ,0x11 ,0x2C ,0x01 ,0x1A ,0x04 ,0x09 ,0x42 ,0x01 ,0x00 ,0x2A ,0x01,
0x01 ,0x36 ,0x01 ,0x02 ,0x1A ,0x03 ,0x00 ,0x02 ,0x03 ,0x01 ,0x0E ,0x03 ,0x02 ,0x1E ,0x05 ,0x00,
0x06 ,0x05 ,0x01 ,0x12 ,0x05 ,0x02 ,0x84 ,0x20 ,0x06 ,0x3A ,0x00 ,0x00 ,0x22 ,0x00 ,0x01 ,0x2E,
0x00 ,0x02 ,0x02 ,0x03 ,0x00 ,0xEA ,0x03 ,0x01 ,0xF6 ,0x03 ,0x02 ,0x05 ,0x03 ,0x30 ,0x02 ,0x00,
0x48 ,0x02 ,0x01 ,0x3C ,0x02 ,0x02 ,0x85 ,0x20 ,0x03 ,0x22 ,0x00 ,0x00 ,0x3A ,0x00 ,0x01 ,0x2E,
0x00 ,0x02 ,0x0C ,0x03 ,0x3C ,0x03 ,0x00 ,0x54 ,0x03 ,0x01 ,0x48 ,0x03 ,0x02 ,0x8C ,0x20 ,0x03,
0x22 ,0x01 ,0x00 ,0x3A ,0x01 ,0x01 ,0x2E ,0x01 ,0x02 ,0x84 ,0x04 ,0x12 ,0xFE ,0x01 ,0x00 ,0x3A,
0x01 ,0x02 ,0x0A ,0x01 ,0x09 ,0x2E ,0x01 ,0x0C ,0x16 ,0x01 ,0x0F ,0x22 ,0x01 ,0x12 ,0xDE ,0x03,
0x00 ,0x1A ,0x03 ,0x02 ,0xEA ,0x03 ,0x09 ,0x0E ,0x03 ,0x0C ,0xF6 ,0x03 ,0x0F ,0x02 ,0x03 ,0x12,
0xE2 ,0x05 ,0x00 ,0x1E ,0x05 ,0x02 ,0xEE ,0x05 ,0x09 ,0x12 ,0x05 ,0x0C ,0xFA ,0x05 ,0x0F ,0x06,
0x05 ,0x12 ,0x84 ,0x24 ,0x0D ,0xFA ,0x00 ,0x00 ,0x2A ,0x00 ,0x01 ,0x3A ,0x00 ,0x02 ,0x22 ,0x00,
0x03 ,0x2E ,0x00 ,0x06 ,0x06 ,0x00 ,0x09 ,0x1E ,0x00 ,0x0B ,0x12 ,0x00 ,0x0F ,0x02 ,0x03 ,0x02,
0xF6 ,0x03 ,0x0C ,0xDE ,0x03 ,0x0F ,0xD9 ,0x03 ,0x10 ,0xEA ,0x03 ,0x12 ,0x85 ,0x04 ,0x07 ,0xFE,
0x02 ,0x00 ,0x46 ,0x02 ,0x03 ,0x0A ,0x02 ,0x09 ,0x3A ,0x02 ,0x0B ,0x16 ,0x02 ,0x10 ,0x22 ,0x02,
0x13 ,0x2E ,0x02 ,0x14 ,0x85 ,0x24 ,0x08 ,0xFA ,0x00 ,0x00 ,0x2A ,0x00 ,0x01 ,0x3A ,0x00 ,0x05,
0x22 ,0x00 ,0x06 ,0x06 ,0x00 ,0x09 ,0x1E ,0x00 ,0x0A ,0x12 ,0x00 ,0x10 ,0x2E ,0x00 ,0x16 ,0x8C,
0x04 ,0x08 ,0xFE ,0x03 ,0x00 ,0x52 ,0x03 ,0x04 ,0x0A ,0x03 ,0x0A ,0x46 ,0x03 ,0x0D ,0x16 ,0x03,
0x11 ,0x22 ,0x03 ,0x13 ,0x2E ,0x03 ,0x14 ,0x3A ,0x03 ,0x16 ,0x88 ,0x24 ,0x08 ,0xFA ,0x01 ,0x00,
0x2A ,0x01 ,0x01 ,0x3A ,0x01 ,0x06 ,0x22 ,0x01 ,0x07 ,0x06 ,0x01 ,0x0A ,0x1E ,0x01 ,0x0B ,0x12,
0x01 ,0x11 ,0x2E ,0x01 ,0x1A ,0x04 ,0x04 ,0x36 ,0x02 ,0x00 ,0x2A ,0x02 ,0x03 ,0x36 ,0x03 ,0x00,
0x2A ,0x03 ,0x03 ,0x84 ,0x20 ,0x06 ,0x0C ,0x01 ,0x00 ,0x00 ,0x01 ,0x03 ,0xF0 ,0x03 ,0x00 ,0xE4,
0x03 ,0x03 ,0xF0 ,0x05 ,0x00 ,0xE4 ,0x05 ,0x03 ,0x84 ,0x40 ,0x03 ,0x78 ,0x00 ,0x04 ,0x78 ,0x03,
0x04 ,0x78 ,0x04 ,0x04 ,0x05 ,0x02 ,0x42 ,0x02 ,0x01 ,0x36 ,0x02 ,0x03 ,0x85 ,0x20 ,0x02 ,0x15,
0x02 ,0x01 ,0x09 ,0x02 ,0x03 ,0x85 ,0x40 ,0x02 ,0x78 ,0x00 ,0x04 ,0x78 ,0x03 ,0x04 ,0x0C ,0x02,
0x4E ,0x03 ,0x01 ,0x42 ,0x03 ,0x03 ,0x8C ,0x20 ,0x02 ,0x1F ,0x03 ,0x01 ,0x13 ,0x03 ,0x03 ,0x8C,
0x40 ,0x02 ,0x78 ,0x01 ,0x04 ,0x78 ,0x05 ,0x04 ,0x84 ,0x04 ,0x0C ,0x22 ,0x02 ,0x01 ,0x36 ,0x02,
0x02 ,0xFE ,0x02 ,0x08 ,0x2A ,0x02 ,0x0D ,0x0A ,0x02 ,0x0E ,0x16 ,0x02 ,0x11 ,0x22 ,0x03 ,0x01,
0x36 ,0x03 ,0x02 ,0xFE ,0x03 ,0x08 ,0x2A ,0x03 ,0x0D ,0x0A ,0x03 ,0x0E ,0x16 ,0x03 ,0x11 ,0x84,
0x24 ,0x12 ,0xFD ,0x01 ,0x01 ,0x0C ,0x01 ,0x02 ,0xD9 ,0x01 ,0x08 ,0x00 ,0x01 ,0x0D ,0xE5 ,0x01,
0x0E ,0xF1 ,0x01 ,0x11 ,0xE1 ,0x03 ,0x01 ,0xF0 ,0x03 ,0x02 ,0xBD ,0x03 ,0x08 ,0xE4 ,0x03 ,0x0D,
0xC9 ,0x03 ,0x0E ,0xD5 ,0x03 ,0x11 ,0xE1 ,0x05 ,0x01 ,0xF0 ,0x05 ,0x02 ,0xBD ,0x05 ,0x08 ,0xE4,
0x05 ,0x0D ,0xC9 ,0x05 ,0x0E ,0xD5 ,0x05 ,0x11 ,0x84 ,0x44 ,0x03 ,0x78 ,0x00 ,0x05 ,0x78 ,0x03,
0x05 ,0x78 ,0x04 ,0x05 ,0x85 ,0x04 ,0x07 ,0x22 ,0x02 ,0x01 ,0x42 ,0x02 ,0x03 ,0xFE ,0x02 ,0x08,
0x2A ,0x02 ,0x0C ,0x0A ,0x02 ,0x0F ,0x16 ,0x02 ,0x12 ,0x36 ,0x02 ,0x15 ,0x85 ,0x24 ,0x08 ,0xFD,
0x02 ,0x01 ,0x0C ,0x02 ,0x02 ,0x15 ,0x02 ,0x03 ,0xD9 ,0x02 ,0x08 ,0x00 ,0x02 ,0x0C ,0x09 ,0x02,
0x0D ,0xE5 ,0x02 ,0x0F ,0xF1 ,0x02 ,0x12 ,0x85 ,0x44 ,0x02 ,0x78 ,0x00 ,0x07 ,0x78 ,0x03 ,0x07,
0x8C ,0x04 ,0x08 ,0x22 ,0x03 ,0x01 ,0x4E ,0x03 ,0x04 ,0xFE ,0x03 ,0x09 ,0x2A ,0x03 ,0x0C ,0x0A,
0x03 ,0x10 ,0x16 ,0x03 ,0x12 ,0x36 ,0x03 ,0x15 ,0x42 ,0x03 ,0x17 ,0x8C ,0x24 ,0x0A ,0xFD ,0x03,
0x01 ,0x0C ,0x03 ,0x02 ,0x15 ,0x03 ,0x03 ,0x1F ,0x03 ,0x04 ,0xD9 ,0x03 ,0x09 ,0x00 ,0x03 ,0x0C,
0x09 ,0x03 ,0x0E ,0x13 ,0x03 ,0x0F ,0xE5 ,0x03 ,0x10 ,0xF1 ,0x03 ,0x12 ,0x88 ,0x44 ,0x02 ,0x78,
0x01 ,0x08 ,0x78 ,0x05 ,0x08 ,0x0C ,0x00 ,0x01 ,0x02 ,0x03 ,0x04 ,0x05 ,0x06 ,0x07 ,0x08 ,0x09,
0x0A ,0x0B ,0x0C ,0x0C ,0x0D ,0x0E ,0x0F ,0x10 ,0x11 ,0x12 ,0x13 ,0x14 ,0x15 ,0x16 ,0x17 ,0x0C,
0x18 ,0x19 ,0x1A ,0x1B ,0x1C ,0x1D ,0x1E ,0x1F ,0x20 ,0x21 ,0x22 ,0x23 ,0x0C ,0x80 ,0x81 ,0x82,
0x83 ,0x84 ,0x85 ,0x86 ,0x87 ,0x88 ,0x89 ,0x8A ,0x8B ,0x94 ,0x0C ,0x0D ,0x0E ,0x0F ,0x10 ,0x11,
0x12 ,0x13 ,0x14 ,0x15 ,0x24 ,0x25 ,0x26 ,0x27 ,0x28 ,0x29 ,0x2A ,0x2B ,0x2C ,0x2D ,0x2E ,0x2F,
0x30 ,0x31 ,0x32 ,0x33 ,0x34 ,0x35 ,0x36 ,0x37 ,0x38 ,0x39 ,0x48 ,0x49 ,0x4A ,0x4B ,0x4C ,0x4D,
0x4E ,0x4F ,0x50 ,0x51 ,0x54 ,0x55 ,0x56 ,0x57 ,0x58 ,0x59 ,0x5A ,0x5B ,0x5C ,0x5D ,0x6C ,0x6D,
0x6E ,0x6F ,0x70 ,0x71 ,0x72 ,0x73 ,0x74 ,0x75 ,0x76 ,0x77 ,0x78 ,0x79 ,0x7A ,0x7B ,0x7C ,0x7D,
0x8C ,0x8D ,0x8E ,0x8F ,0x90 ,0x91 ,0x92 ,0x93 ,0x16 ,0x17 ,0x3A ,0x3B ,0x52 ,0x53 ,0x7E ,0x7F,
0x5E ,0x5F ,0x18 ,0x19 ,0x1A ,0x1B ,0x1C ,0x1D ,0x1E ,0x1F ,0x20 ,0x21 ,0x22 ,0x23 ,0x3C ,0x3D,
0x3E ,0x3F ,0x40 ,0x41 ,0x42 ,0x43 ,0x44 ,0x45 ,0x46 ,0x47 ,0x80 ,0x81 ,0x82 ,0x83 ,0x84 ,0x85,
0x86 ,0x87 ,0x88 ,0x89 ,0x8A ,0x8B ,0x60 ,0x61 ,0x62 ,0x63 ,0x64 ,0x65 ,0x66 ,0x67 ,0x68 ,0x69,
0x6A ,0x6B ,0x98 ,0x99 ,0x9A ,0x9B ,0x9C ,0x9D ,0x9E ,0x9F ,0xA0 ,0xA1 ,0xA2 ,0xA3 ,0x14 ,0x6C,
0x6D ,0x6E ,0x6F ,0x70 ,0x71 ,0x72 ,0x73 ,0x74 ,0x75 ,0x76 ,0x77 ,0x78 ,0x79 ,0x7A ,0x7B ,0x7C,
0x7D ,0x7E ,0x7F ,0x18 ,0x0C ,0x0D ,0x0E ,0x0F ,0x10 ,0x11 ,0x12 ,0x13 ,0x14 ,0x15 ,0x16 ,0x17,
0x18 ,0x19 ,0x1A ,0x1B ,0x1C ,0x1D ,0x1E ,0x1F ,0x20 ,0x21 ,0x22 ,0x23 ,0x20 ,0x6C ,0x6D ,0x6E,
0x6F ,0x70 ,0x71 ,0x72 ,0x73 ,0x74 ,0x75 ,0x76 ,0x77 ,0x78 ,0x79 ,0x7A ,0x7B ,0x7C ,0x7D ,0x7E,
0x7F ,0x80 ,0x81 ,0x82 ,0x83 ,0x84 ,0x85 ,0x86 ,0x87 ,0x88 ,0x89 ,0x8A ,0x8B ,0x24 ,0x3C ,0x3D,
0x3E ,0x3F ,0x40 ,0x41 ,0x42 ,0x43 ,0x44 ,0x45 ,0x46 ,0x47 ,0x60 ,0x61 ,0x62 ,0x63 ,0x64 ,0x65,
0x66 ,0x67 ,0x68 ,0x69 ,0x6A ,0x6B ,0x98 ,0x99 ,0x9A ,0x9B ,0x9C ,0x9D ,0x9E ,0x9F ,0xA0 ,0xA1,
0xA2 ,0xA3 ,0x04 ,0x00 ,0x01 ,0x02 ,0x03 ,0x04 ,0x24 ,0x25 ,0x26 ,0x27 ,0x28 ,0x28 ,0x29 ,0x2A,
0x2B ,0x2C ,0x2D ,0x2E ,0x2F ,0x30 ,0x31 ,0x32 ,0x33 ,0x34 ,0x35 ,0x36 ,0x37 ,0x38 ,0x39 ,0x54,
0x55 ,0x56 ,0x57 ,0x58 ,0x59 ,0x5A ,0x5B ,0x5C ,0x5D ,0x8C ,0x8D ,0x8E ,0x8F ,0x90 ,0x91 ,0x92,
0x93 ,0x3A ,0x3B ,0x5E ,0x5F ,0x2C ,0x54 ,0x55 ,0x56 ,0x57 ,0x58 ,0x59 ,0x5A ,0x5B ,0x5C ,0x5D,
0x8C ,0x8D ,0x8E ,0x8F ,0x90 ,0x91 ,0x92 ,0x93 ,0x5E ,0x5F ,0x60 ,0x61 ,0x62 ,0x63 ,0x64 ,0x65,
0x66 ,0x67 ,0x68 ,0x69 ,0x6A ,0x6B ,0x98 ,0x99 ,0x9A ,0x9B ,0x9C ,0x9D ,0x9E ,0x9F ,0xA0 ,0xA1,
0xA2 ,0xA3 ,0x40 ,0x28 ,0x29 ,0x2A ,0x2B ,0x2C ,0x2D ,0x2E ,0x2F ,0x30 ,0x31 ,0x32 ,0x33 ,0x34,
0x35 ,0x36 ,0x37 ,0x38 ,0x39 ,0x6C ,0x6D ,0x6E ,0x6F ,0x70 ,0x71 ,0x72 ,0x73 ,0x74 ,0x75 ,0x76,
0x77 ,0x78 ,0x79 ,0x7A ,0x7B ,0x7C ,0x7D ,0x3A ,0x3B ,0x7E ,0x7F ,0x3C ,0x3D ,0x3E ,0x3F ,0x40,
0x41 ,0x42 ,0x43 ,0x44 ,0x45 ,0x46 ,0x47 ,0x80 ,0x81 ,0x82 ,0x83 ,0x84 ,0x85 ,0x86 ,0x87 ,0x88,
0x89 ,0x8A ,0x8B ,0x44 ,0x0C ,0x0D ,0x0E ,0x0F ,0x10 ,0x11 ,0x12 ,0x13 ,0x14 ,0x15 ,0x54 ,0x55,
0x56 ,0x57 ,0x58 ,0x59 ,0x5A ,0x5B ,0x5C ,0x5D ,0x8C ,0x8D ,0x8E ,0x8F ,0x90 ,0x91 ,0x92 ,0x93,
0x16 ,0x17 ,0x5E ,0x5F ,0x18 ,0x19 ,0x1A ,0x1B ,0x1C ,0x1D ,0x1E ,0x1F ,0x20 ,0x21 ,0x22 ,0x23,
0x60 ,0x61 ,0x62 ,0x63 ,0x64 ,0x65 ,0x66 ,0x67 ,0x68 ,0x69 ,0x6A ,0x6B ,0x98 ,0x99 ,0x9A ,0x9B,
0x9C ,0x9D ,0x9E ,0x9F ,0xA0 ,0xA1 ,0xA2 ,0xA3 ,0x4C ,0x28 ,0x29 ,0x2A ,0x2B ,0x2C ,0x2D ,0x2E,
0x2F ,0x30 ,0x31 ,0x32 ,0x33 ,0x34 ,0x35 ,0x36 ,0x37 ,0x38 ,0x39 ,0x54 ,0x55 ,0x56 ,0x57 ,0x58,
0x59 ,0x5A ,0x5B ,0x5C ,0x5D ,0x8C ,0x8D ,0x8E ,0x8F ,0x90 ,0x91 ,0x92 ,0x93 ,0x3A ,0x3B ,0x5E,
0x5F ,0x3C ,0x3D ,0x3E ,0x3F ,0x40 ,0x41 ,0x42 ,0x43 ,0x44 ,0x45 ,0x46 ,0x47 ,0x60 ,0x61 ,0x62,
0x63 ,0x64 ,0x65 ,0x66 ,0x67 ,0x68 ,0x69 ,0x6A ,0x6B ,0x98 ,0x99 ,0x9A ,0x9B ,0x9C ,0x9D ,0x9E,
0x9F ,0xA0 ,0xA1 ,0xA2 ,0xA3 ,0x08 ,0x04 ,0x05 ,0x06 ,0x07 ,0x08 ,0x09 ,0x0A ,0x0B ,0x01 ,0x00,
0x01 ,0x03 ,0x01 ,0x13 ,0x01 ,0x26 ,0x01 ,0x5F ,0x01 ,0x62 ,0x02 ,0x01 ,0x03 ,0x02 ,0x02 ,0x04,
0x02 ,0x14 ,0x16 ,0x02 ,0x15 ,0x17 ,0x02 ,0x27 ,0x29 ,0x02 ,0x28 ,0x2A ,0x02 ,0x60 ,0x62 ,0x02,
0x61 ,0x63 ,0x14 ,0x00 ,0x01 ,0x03 ,0x02 ,0x04 ,0x13 ,0x14 ,0x16 ,0x15 ,0x17 ,0x26 ,0x27 ,0x29,
0x28 ,0x2A ,0x5F ,0x60 ,0x62 ,0x61 ,0x63 ,0x03 ,0x00 ,0x14 ,0x16 ,0x03 ,0x00 ,0x15 ,0x17 ,0x03,
0x13 ,0x27 ,0x29 ,0x03 ,0x13 ,0x28 ,0x2A ,0x03 ,0x26 ,0x28 ,0x2A ,0x03 ,0x27 ,0x28 ,0x2A ,0x03,
0x5F ,0x61 ,0x63 ,0x03 ,0x60 ,0x61 ,0x63 ,0x04 ,0x01 ,0x02 ,0x04 ,0x16 ,0x04 ,0x13 ,0x27 ,0x28,
0x2A ,0x04 ,0x14 ,0x15 ,0x17 ,0x29 ,0x05 ,0x00 ,0x02 ,0x04 ,0x14 ,0x16 ,0x05 ,0x00 ,0x14 ,0x15,
0x17 ,0x29 ,0x05 ,0x13 ,0x15 ,0x17 ,0x27 ,0x29 ,0x84 ,0x04 ,0x05 ,0x06 ,0x07 ,0x08 ,0x09 ,0x0A,
0x0B ,0x0C ,0x0D ,0x0E ,0x0F ,0x10 ,0x11 ,0x12 ,0x13 ,0x14 ,0x15 ,0x28 ,0x29 ,0x2A ,0x2B ,0x2C,
0x2D ,0x2E ,0x2F ,0x30 ,0x31 ,0x32 ,0x33 ,0x34 ,0x35 ,0x36 ,0x37 ,0x38 ,0x39 ,0x54 ,0x55 ,0x56,
0x57 ,0x58 ,0x59 ,0x5A ,0x5B ,0x5C ,0x5D ,0x6C ,0x6D ,0x6E ,0x6F ,0x70 ,0x71 ,0x72 ,0x73 ,0x74,
0x75 ,0x76 ,0x77 ,0x78 ,0x79 ,0x7A ,0x7B ,0x7C ,0x7D ,0x8C ,0x8D ,0x8E ,0x8F ,0x90 ,0x91 ,0x92,
0x93 ,0x18 ,0x19 ,0x1A ,0x1B ,0x1C ,0x1D ,0x1E ,0x1F ,0x20 ,0x21 ,0x22 ,0x23 ,0x3C ,0x3D ,0x3E,
0x3F ,0x40 ,0x41 ,0x42 ,0x43 ,0x44 ,0x45 ,0x46 ,0x47 ,0x80 ,0x81 ,0x82 ,0x83 ,0x84 ,0x85 ,0x86,
0x87 ,0x88 ,0x89 ,0x8A ,0x8B ,0x60 ,0x61 ,0x62 ,0x63 ,0x64 ,0x65 ,0x66 ,0x67 ,0x68 ,0x69 ,0x6A,
0x6B ,0x98 ,0x99 ,0x9A ,0x9B ,0x9C ,0x9D ,0x9E ,0x9F ,0xA0 ,0xA1 ,0xA2 ,0xA3 ,0x8E ,0x04 ,0x05,
0x06 ,0x07 ,0x08 ,0x09 ,0x0A ,0x0B ,0x0C ,0x0D ,0x0E ,0x0F ,0x10 ,0x11 ,0x12 ,0x13 ,0x14 ,0x15,
0x28 ,0x29 ,0x2A ,0x2B ,0x2C ,0x2D ,0x2E ,0x2F ,0x30 ,0x31 ,0x32 ,0x33 ,0x34 ,0x35 ,0x36 ,0x37,
0x38 ,0x39 ,0x48 ,0x49 ,0x4A ,0x4B ,0x4C ,0x4D ,0x4E ,0x4F ,0x50 ,0x51 ,0x54 ,0x55 ,0x56 ,0x57,
0x58 ,0x59 ,0x5A ,0x5B ,0x5C ,0x5D ,0x6C ,0x6D ,0x6E ,0x6F ,0x70 ,0x71 ,0x72 ,0x73 ,0x74 ,0x75,
0x76 ,0x77 ,0x78 ,0x79 ,0x7A ,0x7B ,0x7C ,0x7D ,0x8C ,0x8D ,0x8E ,0x8F ,0x90 ,0x91 ,0x92 ,0x93,
0x18 ,0x19 ,0x1A ,0x1B ,0x1C ,0x1D ,0x1E ,0x1F ,0x20 ,0x21 ,0x22 ,0x23 ,0x3C ,0x3D ,0x3E ,0x3F,
0x40 ,0x41 ,0x42 ,0x43 ,0x44 ,0x45 ,0x46 ,0x47 ,0x80 ,0x81 ,0x82 ,0x83 ,0x84 ,0x85 ,0x86 ,0x87,
0x88 ,0x89 ,0x8A ,0x8B ,0x60 ,0x61 ,0x62 ,0x63 ,0x64 ,0x65 ,0x66 ,0x67 ,0x68 ,0x69 ,0x6A ,0x6B,
0x98 ,0x99 ,0x9A ,0x9B ,0x9C ,0x9D ,0x9E ,0x9F ,0xA0 ,0xA1 ,0xA2 ,0xA3 ,0x0A ,0x5F ,0x60 ,0x62,
0x61 ,0x63 ,0x72 ,0x73 ,0x75 ,0x74 ,0x76 ,0x05 ,0x00 ,0x01 ,0x03 ,0x02 ,0x04 ,0x05 ,0x13 ,0x14,
0x16 ,0x15 ,0x17 ,0x05 ,0x26 ,0x27 ,0x29 ,0x28 ,0x2A ,0x0C ,0x0C ,0x0D ,0x0E ,0x0F ,0x10 ,0x11,
0x12 ,0x13 ,0x14 ,0x15 ,0x16 ,0x17 ,0x0C ,0x18 ,0x19 ,0x1A ,0x1B ,0x1C ,0x1D ,0x1E ,0x1F ,0x20,
0x21 ,0x22 ,0x23 ,0x0C ,0x80 ,0x81 ,0x82 ,0x83 ,0x84 ,0x85 ,0x86 ,0x87 ,0x88 ,0x89 ,0x8A ,0x8B,
0x90 ,0x0C ,0x0D ,0x0E ,0x0F ,0x10 ,0x11 ,0x12 ,0x13 ,0x14 ,0x15 ,0x28 ,0x29 ,0x2A ,0x2B ,0x2C,
0x2D ,0x2E ,0x2F ,0x30 ,0x31 ,0x32 ,0x33 ,0x34 ,0x35 ,0x36 ,0x37 ,0x38 ,0x39 ,0x48 ,0x49 ,0x4A,
0x4B ,0x4C ,0x4D ,0x4E ,0x4F ,0x50 ,0x51 ,0x54 ,0x55 ,0x56 ,0x57 ,0x58 ,0x59 ,0x5A ,0x5B ,0x5C,
0x5D ,0x6C ,0x6D ,0x6E ,0x6F ,0x70 ,0x71 ,0x72 ,0x73 ,0x74 ,0x75 ,0x76 ,0x77 ,0x78 ,0x79 ,0x7A,
0x7B ,0x7C ,0x7D ,0x8C ,0x8D ,0x8E ,0x8F ,0x90 ,0x91 ,0x92 ,0x93 ,0x16 ,0x17 ,0x3A ,0x3B ,0x52,
0x53 ,0x7E ,0x7F ,0x5E ,0x5F ,0x18 ,0x19 ,0x1A ,0x1B ,0x1C ,0x1D ,0x1E ,0x1F ,0x20 ,0x21 ,0x22,
0x23 ,0x3C ,0x3D ,0x3E ,0x3F ,0x40 ,0x41 ,0x42 ,0x43 ,0x44 ,0x45 ,0x46 ,0x47 ,0x80 ,0x81 ,0x82,
0x83 ,0x84 ,0x85 ,0x86 ,0x87 ,0x88 ,0x89 ,0x8A ,0x8B ,0x60 ,0x61 ,0x62 ,0x63 ,0x64 ,0x65 ,0x66,
0x67 ,0x68 ,0x69 ,0x6A ,0x6B ,0x98 ,0x99 ,0x9A ,0x9B ,0x9C ,0x9D ,0x9E ,0x9F ,0xA0 ,0xA1 ,0xA2,
0xA3 ,0x14 ,0x6C ,0x6D ,0x6E ,0x6F ,0x70 ,0x71 ,0x72 ,0x73 ,0x74 ,0x75 ,0x76 ,0x77 ,0x78 ,0x79,
0x7A ,0x7B ,0x7C ,0x7D ,0x7E ,0x7F ,0x18 ,0x0C ,0x0D ,0x0E ,0x0F ,0x10 ,0x11 ,0x12 ,0x13 ,0x14,
0x15 ,0x16 ,0x17 ,0x18 ,0x19 ,0x1A ,0x1B ,0x1C ,0x1D ,0x1E ,0x1F ,0x20 ,0x21 ,0x22 ,0x23 ,0x20,
0x6C ,0x6D ,0x6E ,0x6F ,0x70 ,0x71 ,0x72 ,0x73 ,0x74 ,0x75 ,0x76 ,0x77 ,0x78 ,0x79 ,0x7A ,0x7B,
0x7C ,0x7D ,0x7E ,0x7F ,0x80 ,0x81 ,0x82 ,0x83 ,0x84 ,0x85 ,0x86 ,0x87 ,0x88 ,0x89 ,0x8A ,0x8B,
0x24 ,0x3C ,0x3D ,0x3E ,0x3F ,0x40 ,0x41 ,0x42 ,0x43 ,0x44 ,0x45 ,0x46 ,0x47 ,0x60 ,0x61 ,0x62,
0x63 ,0x64 ,0x65 ,0x66 ,0x67 ,0x68 ,0x69 ,0x6A ,0x6B ,0x98 ,0x99 ,0x9A ,0x9B ,0x9C ,0x9D ,0x9E,
0x9F ,0xA0 ,0xA1 ,0xA2 ,0xA3 ,0x28 ,0x28 ,0x29 ,0x2A ,0x2B ,0x2C ,0x2D ,0x2E ,0x2F ,0x30 ,0x31,
0x32 ,0x33 ,0x34 ,0x35 ,0x36 ,0x37 ,0x38 ,0x39 ,0x54 ,0x55 ,0x56 ,0x57 ,0x58 ,0x59 ,0x5A ,0x5B,
0x5C ,0x5D ,0x8C ,0x8D ,0x8E ,0x8F ,0x90 ,0x91 ,0x92 ,0x93 ,0x3A ,0x3B ,0x5E ,0x5F ,0x2C ,0x54,
0x55 ,0x56 ,0x57 ,0x58 ,0x59 ,0x5A ,0x5B ,0x5C ,0x5D ,0x8C ,0x8D ,0x8E ,0x8F ,0x90 ,0x91 ,0x92,
0x93 ,0x5E ,0x5F ,0x60 ,0x61 ,0x62 ,0x63 ,0x64 ,0x65 ,0x66 ,0x67 ,0x68 ,0x69 ,0x6A ,0x6B ,0x98,
0x99 ,0x9A ,0x9B ,0x9C ,0x9D ,0x9E ,0x9F ,0xA0 ,0xA1 ,0xA2 ,0xA3 ,0x40 ,0x28 ,0x29 ,0x2A ,0x2B,
0x2C ,0x2D ,0x2E ,0x2F ,0x30 ,0x31 ,0x32 ,0x33 ,0x34 ,0x35 ,0x36 ,0x37 ,0x38 ,0x39 ,0x6C ,0x6D,
0x6E ,0x6F ,0x70 ,0x71 ,0x72 ,0x73 ,0x74 ,0x75 ,0x76 ,0x77 ,0x78 ,0x79 ,0x7A ,0x7B ,0x7C ,0x7D,
0x3A ,0x3B ,0x7E ,0x7F ,0x3C ,0x3D ,0x3E ,0x3F ,0x40 ,0x41 ,0x42 ,0x43 ,0x44 ,0x45 ,0x46 ,0x47,
0x80 ,0x81 ,0x82 ,0x83 ,0x84 ,0x85 ,0x86 ,0x87 ,0x88 ,0x89 ,0x8A ,0x8B ,0x4C ,0x28 ,0x29 ,0x2A,
0x2B ,0x2C ,0x2D ,0x2E ,0x2F ,0x30 ,0x31 ,0x32 ,0x33 ,0x34 ,0x35 ,0x36 ,0x37 ,0x38 ,0x39 ,0x54,
0x55 ,0x56 ,0x57 ,0x58 ,0x59 ,0x5A ,0x5B ,0x5C ,0x5D ,0x8C ,0x8D ,0x8E ,0x8F ,0x90 ,0x91 ,0x92,
0x93 ,0x3A ,0x3B ,0x5E ,0x5F ,0x3C ,0x3D ,0x3E ,0x3F ,0x40 ,0x41 ,0x42 ,0x43 ,0x44 ,0x45 ,0x46,
0x47 ,0x60 ,0x61 ,0x62 ,0x63 ,0x64 ,0x65 ,0x66 ,0x67 ,0x68 ,0x69 ,0x6A ,0x6B ,0x98 ,0x99 ,0x9A,
0x9B ,0x9C ,0x9D ,0x9E ,0x9F ,0xA0 ,0xA1 ,0xA2 ,0xA3 ,0x08 ,0x04 ,0x05 ,0x06 ,0x07 ,0x08 ,0x09,
0x0A ,0x0B ,0x58 ,0x0C ,0x0D ,0x0E ,0x0F ,0x10 ,0x11 ,0x12 ,0x13 ,0x14 ,0x15 ,0x28 ,0x29 ,0x2A,
0x2B ,0x2C ,0x2D ,0x2E ,0x2F ,0x30 ,0x31 ,0x32 ,0x33 ,0x34 ,0x35 ,0x36 ,0x37 ,0x38 ,0x39 ,0x6C,
0x6D ,0x6E ,0x6F ,0x70 ,0x71 ,0x72 ,0x73 ,0x74 ,0x75 ,0x76 ,0x77 ,0x78 ,0x79 ,0x7A ,0x7B ,0x7C,
0x7D ,0x16 ,0x17 ,0x3A ,0x3B ,0x7E ,0x7F ,0x18 ,0x19 ,0x1A ,0x1B ,0x1C ,0x1D ,0x1E ,0x1F ,0x20,
0x21 ,0x22 ,0x23 ,0x3C ,0x3D ,0x3E ,0x3F ,0x40 ,0x41 ,0x42 ,0x43 ,0x44 ,0x45 ,0x46 ,0x47 ,0x80,
0x81 ,0x82 ,0x83 ,0x84 ,0x85 ,0x86 ,0x87 ,0x88 ,0x89 ,0x8A ,0x8B ,0x01 ,0x00 ,0x01 ,0x03 ,0x01,
0x13 ,0x01 ,0x26 ,0x01 ,0x5F ,0x01 ,0x62 ,0x02 ,0x01 ,0x03 ,0x02 ,0x02 ,0x04 ,0x02 ,0x14 ,0x16,
0x02 ,0x15 ,0x17 ,0x02 ,0x27 ,0x29 ,0x02 ,0x28 ,0x2A ,0x02 ,0x60 ,0x62 ,0x02 ,0x61 ,0x63 ,0x14,
0x00 ,0x01 ,0x03 ,0x02 ,0x04 ,0x13 ,0x14 ,0x16 ,0x15 ,0x17 ,0x26 ,0x27 ,0x29 ,0x28 ,0x2A ,0x5F,
0x60 ,0x62 ,0x61 ,0x63 ,0x03 ,0x00 ,0x01 ,0x03 ,0x03 ,0x00 ,0x14 ,0x16 ,0x03 ,0x00 ,0x15 ,0x17,
0x03 ,0x13 ,0x14 ,0x16 ,0x03 ,0x13 ,0x27 ,0x29 ,0x03 ,0x13 ,0x28 ,0x2A ,0x03 ,0x26 ,0x27 ,0x29,
0x03 ,0x27 ,0x28 ,0x2A ,0x03 ,0x5F ,0x60 ,0x62 ,0x03 ,0x60 ,0x61 ,0x63 ,0x04 ,0x01 ,0x02 ,0x04,
0x16 ,0x04 ,0x13 ,0x27 ,0x28 ,0x2A ,0x04 ,0x14 ,0x15 ,0x17 ,0x29 ,0x05 ,0x00 ,0x14 ,0x15 ,0x17,
0x29 ,0x6C ,0x04 ,0x05 ,0x06 ,0x07 ,0x08 ,0x09 ,0x0A ,0x0B ,0x0C ,0x0D ,0x0E ,0x0F ,0x10 ,0x11,
0x12 ,0x13 ,0x14 ,0x15 ,0x28 ,0x29 ,0x2A ,0x2B ,0x2C ,0x2D ,0x2E ,0x2F ,0x30 ,0x31 ,0x32 ,0x33,
0x34 ,0x35 ,0x36 ,0x37 ,0x38 ,0x39 ,0x54 ,0x55 ,0x56 ,0x57 ,0x58 ,0x59 ,0x5A ,0x5B ,0x5C ,0x5D,
0x8C ,0x8D ,0x8E ,0x8F ,0x90 ,0x91 ,0x92 ,0x93 ,0x16 ,0x17 ,0x3A ,0x3B ,0x5E ,0x5F ,0x18 ,0x19,
0x1A ,0x1B ,0x1C ,0x1D ,0x1E ,0x1F ,0x20 ,0x21 ,0x22 ,0x23 ,0x3C ,0x3D ,0x3E ,0x3F ,0x40 ,0x41,
0x42 ,0x43 ,0x44 ,0x45 ,0x46 ,0x47 ,0x60 ,0x61 ,0x62 ,0x63 ,0x64 ,0x65 ,0x66 ,0x67 ,0x68 ,0x69,
0x6A ,0x6B ,0x98 ,0x99 ,0x9A ,0x9B ,0x9C ,0x9D ,0x9E ,0x9F ,0xA0 ,0xA1 ,0xA2 ,0xA3 ,0x0C ,0x18,
0x19 ,0x1A ,0x1B ,0x1C ,0x1D ,0x1E ,0x1F ,0x20 ,0x21 ,0x22 ,0x23 ,0x0C ,0x80 ,0x81 ,0x82 ,0x83,
0x84 ,0x85 ,0x86 ,0x87 ,0x88 ,0x89 ,0x8A ,0x8B ,0x98 ,0x04 ,0x05 ,0x06 ,0x07 ,0x08 ,0x09 ,0x0A,
0x0B ,0x0C ,0x0D ,0x0E ,0x0F ,0x10 ,0x11 ,0x12 ,0x13 ,0x14 ,0x15 ,0x28 ,0x29 ,0x2A ,0x2B ,0x2C,
0x2D ,0x2E ,0x2F ,0x30 ,0x31 ,0x32 ,0x33 ,0x34 ,0x35 ,0x36 ,0x37 ,0x38 ,0x39 ,0x48 ,0x49 ,0x4A,
0x4B ,0x4C ,0x4D ,0x4E ,0x4F ,0x50 ,0x51 ,0x54 ,0x55 ,0x56 ,0x57 ,0x58 ,0x59 ,0x5A ,0x5B ,0x5C,
0x5D ,0x6C ,0x6D ,0x6E ,0x6F ,0x70 ,0x71 ,0x72 ,0x73 ,0x74 ,0x75 ,0x76 ,0x77 ,0x78 ,0x79 ,0x7A,
0x7B ,0x7C ,0x7D ,0x8C ,0x8D ,0x8E ,0x8F ,0x90 ,0x91 ,0x92 ,0x93 ,0x16 ,0x17 ,0x3A ,0x3B ,0x52,
0x53 ,0x7E ,0x7F ,0x5E ,0x5F ,0x18 ,0x19 ,0x1A ,0x1B ,0x1C ,0x1D ,0x1E ,0x1F ,0x20 ,0x21 ,0x22,
0x23 ,0x3C ,0x3D ,0x3E ,0x3F ,0x40 ,0x41 ,0x42 ,0x43 ,0x44 ,0x45 ,0x46 ,0x47 ,0x80 ,0x81 ,0x82,
0x83 ,0x84 ,0x85 ,0x86 ,0x87 ,0x88 ,0x89 ,0x8A ,0x8B ,0x60 ,0x61 ,0x62 ,0x63 ,0x64 ,0x65 ,0x66,
0x67 ,0x68 ,0x69 ,0x6A ,0x6B ,0x98 ,0x99 ,0x9A ,0x9B ,0x9C ,0x9D ,0x9E ,0x9F ,0xA0 ,0xA1 ,0xA2,
0xA3 ,0x14 ,0x6C ,0x6D ,0x6E ,0x6F ,0x70 ,0x71 ,0x72 ,0x73 ,0x74 ,0x75 ,0x76 ,0x77 ,0x78 ,0x79,
0x7A ,0x7B ,0x7C ,0x7D ,0x7E ,0x7F ,0x14 ,0x04 ,0x05 ,0x06 ,0x07 ,0x08 ,0x09 ,0x0A ,0x0B ,0x0C,
0x0D ,0x0E ,0x0F ,0x10 ,0x11 ,0x12 ,0x13 ,0x14 ,0x15 ,0x16 ,0x17 ,0x18 ,0x18 ,0x19 ,0x1A ,0x1B,
0x1C ,0x1D ,0x1E ,0x1F ,0x20 ,0x21 ,0x22 ,0x23 ,0x80 ,0x81 ,0x82 ,0x83 ,0x84 ,0x85 ,0x86 ,0x87,
0x88 ,0x89 ,0x8A ,0x8B ,0x20 ,0x6C ,0x6D ,0x6E ,0x6F ,0x70 ,0x71 ,0x72 ,0x73 ,0x74 ,0x75 ,0x76,
0x77 ,0x78 ,0x79 ,0x7A ,0x7B ,0x7C ,0x7D ,0x7E ,0x7F ,0x80 ,0x81 ,0x82 ,0x83 ,0x84 ,0x85 ,0x86,
0x87 ,0x88 ,0x89 ,0x8A ,0x8B ,0x20 ,0x04 ,0x05 ,0x06 ,0x07 ,0x08 ,0x09 ,0x0A ,0x0B ,0x0C ,0x0D,
0x0E ,0x0F ,0x10 ,0x11 ,0x12 ,0x13 ,0x14 ,0x15 ,0x16 ,0x17 ,0x18 ,0x19 ,0x1A ,0x1B ,0x1C ,0x1D,
0x1E ,0x1F ,0x20 ,0x21 ,0x22 ,0x23 ,0x24 ,0x3C ,0x3D ,0x3E ,0x3F ,0x40 ,0x41 ,0x42 ,0x43 ,0x44,
0x45 ,0x46 ,0x47 ,0x60 ,0x61 ,0x62 ,0x63 ,0x64 ,0x65 ,0x66 ,0x67 ,0x68 ,0x69 ,0x6A ,0x6B ,0x98,
0x99 ,0x9A ,0x9B ,0x9C ,0x9D ,0x9E ,0x9F ,0xA0 ,0xA1 ,0xA2 ,0xA3 ,0x28 ,0x28 ,0x29 ,0x2A ,0x2B,
0x2C ,0x2D ,0x2E ,0x2F ,0x30 ,0x31 ,0x32 ,0x33 ,0x34 ,0x35 ,0x36 ,0x37 ,0x38 ,0x39 ,0x54 ,0x55,
0x56 ,0x57 ,0x58 ,0x59 ,0x5A ,0x5B ,0x5C ,0x5D ,0x8C ,0x8D ,0x8E ,0x8F ,0x90 ,0x91 ,0x92 ,0x93,
0x3A ,0x3B ,0x5E ,0x5F ,0x4C ,0x28 ,0x29 ,0x2A ,0x2B ,0x2C ,0x2D ,0x2E ,0x2F ,0x30 ,0x31 ,0x32,
0x33 ,0x34 ,0x35 ,0x36 ,0x37 ,0x38 ,0x39 ,0x54 ,0x55 ,0x56 ,0x57 ,0x58 ,0x59 ,0x5A ,0x5B ,0x5C,
0x5D ,0x8C ,0x8D ,0x8E ,0x8F ,0x90 ,0x91 ,0x92 ,0x93 ,0x3A ,0x3B ,0x5E ,0x5F ,0x3C ,0x3D ,0x3E,
0x3F ,0x40 ,0x41 ,0x42 ,0x43 ,0x44 ,0x45 ,0x46 ,0x47 ,0x60 ,0x61 ,0x62 ,0x63 ,0x64 ,0x65 ,0x66,
0x67 ,0x68 ,0x69 ,0x6A ,0x6B ,0x98 ,0x99 ,0x9A ,0x9B ,0x9C ,0x9D ,0x9E ,0x9F ,0xA0 ,0xA1 ,0xA2,
0xA3 ,0x01 ,0x00 ,0x01 ,0x03 ,0x01 ,0x13 ,0x01 ,0x26 ,0x01 ,0x5F ,0x01 ,0x62 ,0x01 ,0x72 ,0x01,
0x75 ,0x02 ,0x01 ,0x03 ,0x02 ,0x02 ,0x04 ,0x02 ,0x14 ,0x16 ,0x02 ,0x15 ,0x17 ,0x02 ,0x27 ,0x29,
0x02 ,0x28 ,0x2A ,0x02 ,0x5F ,0x72 ,0x02 ,0x5F ,0x75 ,0x02 ,0x60 ,0x62 ,0x02 ,0x62 ,0x75 ,0x02,
0x61 ,0x63 ,0x19 ,0x00 ,0x01 ,0x03 ,0x02 ,0x04 ,0x13 ,0x14 ,0x16 ,0x15 ,0x17 ,0x26 ,0x27 ,0x29,
0x28 ,0x2A ,0x5F ,0x60 ,0x62 ,0x61 ,0x63 ,0x72 ,0x73 ,0x75 ,0x74 ,0x76 ,0x03 ,0x00 ,0x01 ,0x03,
0x03 ,0x00 ,0x14 ,0x16 ,0x03 ,0x00 ,0x15 ,0x17 ,0x03 ,0x13 ,0x14 ,0x16 ,0x03 ,0x13 ,0x27 ,0x29,
0x03 ,0x13 ,0x28 ,0x2A ,0x03 ,0x26 ,0x27 ,0x29 ,0x03 ,0x27 ,0x28 ,0x2A ,0x03 ,0x60 ,0x62 ,0x72,
0x03 ,0x60 ,0x62 ,0x75 ,0x03 ,0x60 ,0x61 ,0x63 ,0x03 ,0x61 ,0x63 ,0x75 ,0x03 ,0x73 ,0x74 ,0x76,
0x04 ,0x01 ,0x02 ,0x04 ,0x16 ,0x04 ,0x13 ,0x27 ,0x28 ,0x2A ,0x04 ,0x14 ,0x15 ,0x17 ,0x29 ,0x04,
0x5F ,0x73 ,0x74 ,0x76 ,0x04 ,0x72 ,0x73 ,0x74 ,0x76 ,0x05 ,0x00 ,0x14 ,0x15 ,0x17 ,0x29 ,0x05,
0x61 ,0x63 ,0x73 ,0x74 ,0x76 ,0x06 ,0x60 ,0x62 ,0x72 ,0x73 ,0x74 ,0x76 ,0x06 ,0x60 ,0x61 ,0x63,
0x73 ,0x74 ,0x76 ,0x07 ,0x5F ,0x60 ,0x62 ,0x72 ,0x73 ,0x74 ,0x76 ,0x6C ,0x04 ,0x05 ,0x06 ,0x07,
0x08 ,0x09 ,0x0A ,0x0B ,0x0C ,0x0D ,0x0E ,0x0F ,0x10 ,0x11 ,0x12 ,0x13 ,0x14 ,0x15 ,0x28 ,0x29,
0x2A ,0x2B ,0x2C ,0x2D ,0x2E ,0x2F ,0x30 ,0x31 ,0x32 ,0x33 ,0x34 ,0x35 ,0x36 ,0x37 ,0x38 ,0x39,
0x54 ,0x55 ,0x56 ,0x57 ,0x58 ,0x59 ,0x5A ,0x5B ,0x5C ,0x5D ,0x8C ,0x8D ,0x8E ,0x8F ,0x90 ,0x91,
0x92 ,0x93 ,0x16 ,0x17 ,0x3A ,0x3B ,0x5E ,0x5F ,0x18 ,0x19 ,0x1A ,0x1B ,0x1C ,0x1D ,0x1E ,0x1F,
0x20 ,0x21 ,0x22 ,0x23 ,0x3C ,0x3D ,0x3E ,0x3F ,0x40 ,0x41 ,0x42 ,0x43 ,0x44 ,0x45 ,0x46 ,0x47,
0x60 ,0x61 ,0x62 ,0x63 ,0x64 ,0x65 ,0x66 ,0x67 ,0x68 ,0x69 ,0x6A ,0x6B ,0x98 ,0x99 ,0x9A ,0x9B,
0x9C ,0x9D ,0x9E ,0x9F ,0xA0 ,0xA1 ,0xA2 ,0xA3 ,0x0C ,0x18 ,0x19 ,0x1A ,0x1B ,0x1C ,0x1D ,0x1E,
0x1F ,0x20 ,0x21 ,0x22 ,0x23 ,0x0C ,0x80 ,0x81 ,0x82 ,0x83 ,0x84 ,0x85 ,0x86 ,0x87 ,0x88 ,0x89,
0x8A ,0x8B ,0x98 ,0x04 ,0x05 ,0x06 ,0x07 ,0x08 ,0x09 ,0x0A ,0x0B ,0x0C ,0x0D ,0x0E ,0x0F ,0x10,
0x11 ,0x12 ,0x13 ,0x14 ,0x15 ,0x28 ,0x29 ,0x2A ,0x2B ,0x2C ,0x2D ,0x2E ,0x2F ,0x30 ,0x31 ,0x32,
0x33 ,0x34 ,0x35 ,0x36 ,0x37 ,0x38 ,0x39 ,0x48 ,0x49 ,0x4A ,0x4B ,0x4C ,0x4D ,0x4E ,0x4F ,0x50,
0x51 ,0x54 ,0x55 ,0x56 ,0x57 ,0x58 ,0x59 ,0x5A ,0x5B ,0x5C ,0x5D ,0x6C ,0x6D ,0x6E ,0x6F ,0x70,
0x71 ,0x72 ,0x73 ,0x74 ,0x75 ,0x76 ,0x77 ,0x78 ,0x79 ,0x7A ,0x7B ,0x7C ,0x7D ,0x8C ,0x8D ,0x8E,
0x8F ,0x90 ,0x91 ,0x92 ,0x93 ,0x16 ,0x17 ,0x3A ,0x3B ,0x52 ,0x53 ,0x7E ,0x7F ,0x5E ,0x5F ,0x18,
0x19 ,0x1A ,0x1B ,0x1C ,0x1D ,0x1E ,0x1F ,0x20 ,0x21 ,0x22 ,0x23 ,0x3C ,0x3D ,0x3E ,0x3F ,0x40,
0x41 ,0x42 ,0x43 ,0x44 ,0x45 ,0x46 ,0x47 ,0x80 ,0x81 ,0x82 ,0x83 ,0x84 ,0x85 ,0x86 ,0x87 ,0x88,
0x89 ,0x8A ,0x8B ,0x60 ,0x61 ,0x62 ,0x63 ,0x64 ,0x65 ,0x66 ,0x67 ,0x68 ,0x69 ,0x6A ,0x6B ,0x98,
0x99 ,0x9A ,0x9B ,0x9C ,0x9D ,0x9E ,0x9F ,0xA0 ,0xA1 ,0xA2 ,0xA3 ,0x14 ,0x6C ,0x6D ,0x6E ,0x6F,
0x70 ,0x71 ,0x72 ,0x73 ,0x74 ,0x75 ,0x76 ,0x77 ,0x78 ,0x79 ,0x7A ,0x7B ,0x7C ,0x7D ,0x7E ,0x7F,
0x14 ,0x04 ,0x05 ,0x06 ,0x07 ,0x08 ,0x09 ,0x0A ,0x0B ,0x0C ,0x0D ,0x0E ,0x0F ,0x10 ,0x11 ,0x12,
0x13 ,0x14 ,0x15 ,0x16 ,0x17 ,0x20 ,0x6C ,0x6D ,0x6E ,0x6F ,0x70 ,0x71 ,0x72 ,0x73 ,0x74 ,0x75,
0x76 ,0x77 ,0x78 ,0x79 ,0x7A ,0x7B ,0x7C ,0x7D ,0x7E ,0x7F ,0x80 ,0x81 ,0x82 ,0x83 ,0x84 ,0x85,
0x86 ,0x87 ,0x88 ,0x89 ,0x8A ,0x8B ,0x20 ,0x04 ,0x05 ,0x06 ,0x07 ,0x08 ,0x09 ,0x0A ,0x0B ,0x0C,
0x0D ,0x0E ,0x0F ,0x10 ,0x11 ,0x12 ,0x13 ,0x14 ,0x15 ,0x16 ,0x17 ,0x18 ,0x19 ,0x1A ,0x1B ,0x1C,
0x1D ,0x1E ,0x1F ,0x20 ,0x21 ,0x22 ,0x23 ,0x24 ,0x3C ,0x3D ,0x3E ,0x3F ,0x40 ,0x41 ,0x42 ,0x43,
0x44 ,0x45 ,0x46 ,0x47 ,0x60 ,0x61 ,0x62 ,0x63 ,0x64 ,0x65 ,0x66 ,0x67 ,0x68 ,0x69 ,0x6A ,0x6B,
0x98 ,0x99 ,0x9A ,0x9B ,0x9C ,0x9D ,0x9E ,0x9F ,0xA0 ,0xA1 ,0xA2 ,0xA3 ,0x28 ,0x28 ,0x29 ,0x2A,
0x2B ,0x2C ,0x2D ,0x2E ,0x2F ,0x30 ,0x31 ,0x32 ,0x33 ,0x34 ,0x35 ,0x36 ,0x37 ,0x38 ,0x39 ,0x54,
0x55 ,0x56 ,0x57 ,0x58 ,0x59 ,0x5A ,0x5B ,0x5C ,0x5D ,0x8C ,0x8D ,0x8E ,0x8F ,0x90 ,0x91 ,0x92,
0x93 ,0x3A ,0x3B ,0x5E ,0x5F ,0x40 ,0x04 ,0x05 ,0x06 ,0x07 ,0x08 ,0x09 ,0x0A ,0x0B ,0x0C ,0x0D,
0x0E ,0x0F ,0x10 ,0x11 ,0x12 ,0x13 ,0x14 ,0x15 ,0x6C ,0x6D ,0x6E ,0x6F ,0x70 ,0x71 ,0x72 ,0x73,
0x74 ,0x75 ,0x76 ,0x77 ,0x78 ,0x79 ,0x7A ,0x7B ,0x7C ,0x7D ,0x16 ,0x17 ,0x7E ,0x7F ,0x18 ,0x19,
0x1A ,0x1B ,0x1C ,0x1D ,0x1E ,0x1F ,0x20 ,0x21 ,0x22 ,0x23 ,0x80 ,0x81 ,0x82 ,0x83 ,0x84 ,0x85,
0x86 ,0x87 ,0x88 ,0x89 ,0x8A ,0x8B ,0x4C ,0x28 ,0x29 ,0x2A ,0x2B ,0x2C ,0x2D ,0x2E ,0x2F ,0x30,
0x31 ,0x32 ,0x33 ,0x34 ,0x35 ,0x36 ,0x37 ,0x38 ,0x39 ,0x54 ,0x55 ,0x56 ,0x57 ,0x58 ,0x59 ,0x5A,
0x5B ,0x5C ,0x5D ,0x8C ,0x8D ,0x8E ,0x8F ,0x90 ,0x91 ,0x92 ,0x93 ,0x3A ,0x3B ,0x5E ,0x5F ,0x3C,
0x3D ,0x3E ,0x3F ,0x40 ,0x41 ,0x42 ,0x43 ,0x44 ,0x45 ,0x46 ,0x47 ,0x60 ,0x61 ,0x62 ,0x63 ,0x64,
0x65 ,0x66 ,0x67 ,0x68 ,0x69 ,0x6A ,0x6B ,0x98 ,0x99 ,0x9A ,0x9B ,0x9C ,0x9D ,0x9E ,0x9F ,0xA0,
0xA1 ,0xA2 ,0xA3 ,0x01 ,0x00 ,0x01 ,0x03 ,0x01 ,0x13 ,0x01 ,0x26 ,0x01 ,0x5F ,0x01 ,0x62 ,0x01,
0x72 ,0x01 ,0x75 ,0x01 ,0x85 ,0x01 ,0x88 ,0x02 ,0x01 ,0x03 ,0x02 ,0x02 ,0x04 ,0x02 ,0x14 ,0x16,
0x02 ,0x15 ,0x17 ,0x02 ,0x27 ,0x29 ,0x02 ,0x28 ,0x2A ,0x02 ,0x5F ,0x72 ,0x02 ,0x5F ,0x75 ,0x02,
0x5F ,0x85 ,0x02 ,0x5F ,0x88 ,0x02 ,0x60 ,0x62 ,0x02 ,0x62 ,0x75 ,0x02 ,0x62 ,0x88 ,0x02 ,0x61,
0x63 ,0x02 ,0x72 ,0x85 ,0x02 ,0x75 ,0x88 ,0x02 ,0x85 ,0x88 ,0x03 ,0x00 ,0x15 ,0x17 ,0x03 ,0x13,
0x28 ,0x2A ,0x03 ,0x27 ,0x28 ,0x2A ,0x03 ,0x5F ,0x72 ,0x85 ,0x03 ,0x60 ,0x62 ,0x72 ,0x03 ,0x60,
0x61 ,0x63 ,0x03 ,0x62 ,0x75 ,0x88 ,0x03 ,0x61 ,0x63 ,0x75 ,0x03 ,0x61 ,0x63 ,0x88 ,0x03 ,0x73,
0x74 ,0x76 ,0x03 ,0x86 ,0x87 ,0x89 ,0x1E ,0x00 ,0x01 ,0x03 ,0x02 ,0x04 ,0x13 ,0x14 ,0x16 ,0x15,
0x17 ,0x26 ,0x27 ,0x29 ,0x28 ,0x2A ,0x5F ,0x60 ,0x62 ,0x61 ,0x63 ,0x72 ,0x73 ,0x75 ,0x74 ,0x76,
0x85 ,0x86 ,0x88 ,0x87 ,0x89 ,0x04 ,0x01 ,0x02 ,0x04 ,0x16 ,0x04 ,0x13 ,0x27 ,0x28 ,0x2A ,0x04,
0x14 ,0x15 ,0x17 ,0x29 ,0x04 ,0x5F ,0x86 ,0x87 ,0x89 ,0x04 ,0x60 ,0x61 ,0x63 ,0x88 ,0x04 ,0x72,
0x73 ,0x74 ,0x76 ,0x04 ,0x72 ,0x86 ,0x87 ,0x89 ,0x04 ,0x73 ,0x74 ,0x76 ,0x88 ,0x04 ,0x75 ,0x86,
0x87 ,0x89 ,0x04 ,0x85 ,0x86 ,0x87 ,0x89 ,0x05 ,0x00 ,0x14 ,0x15 ,0x17 ,0x29 ,0x05 ,0x5F ,0x85,
0x86 ,0x87 ,0x89 ,0x05 ,0x60 ,0x62 ,0x86 ,0x87 ,0x89 ,0x06 ,0x60 ,0x62 ,0x72 ,0x73 ,0x74 ,0x76,
0x06 ,0x60 ,0x61 ,0x63 ,0x73 ,0x74 ,0x76 ,0x06 ,0x60 ,0x61 ,0x63 ,0x86 ,0x87 ,0x89 ,0x06 ,0x61,
0x63 ,0x75 ,0x86 ,0x87 ,0x89 ,0x06 ,0x73 ,0x74 ,0x76 ,0x86 ,0x87 ,0x89 ,0x08 ,0x72 ,0x73 ,0x74,
0x76 ,0x85 ,0x86 ,0x87 ,0x89 ,0x09 ,0x60 ,0x61 ,0x63 ,0x73 ,0x74 ,0x76 ,0x86 ,0x87 ,0x89 ,0x0C,
0x18 ,0x19 ,0x1A ,0x1B ,0x1C ,0x1D ,0x1E ,0x1F ,0x20 ,0x21 ,0x22 ,0x23 ,0x14 ,0x6C ,0x6D ,0x6E,
0x6F ,0x70 ,0x71 ,0x72 ,0x73 ,0x80 ,0x81 ,0x82 ,0x83 ,0x84 ,0x85 ,0x86 ,0x87 ,0x88 ,0x89 ,0x8A,
0x8B ,0x2C ,0x28 ,0x29 ,0x2A ,0x2B ,0x2C ,0x2D ,0x2E ,0x2F ,0x3C ,0x3D ,0x3E ,0x3F ,0x40 ,0x41,
0x42 ,0x43 ,0x44 ,0x45 ,0x46 ,0x47 ,0x60 ,0x61 ,0x62 ,0x63 ,0x64 ,0x65 ,0x66 ,0x67 ,0x68 ,0x69,
0x6A ,0x6B ,0x98 ,0x99 ,0x9A ,0x9B ,0x9C ,0x9D ,0x9E ,0x9F ,0xA0 ,0xA1 ,0xA2 ,0xA3 ,0x40 ,0x28,
0x29 ,0x2A ,0x2B ,0x2C ,0x2D ,0x2E ,0x2F ,0x6C ,0x6D ,0x6E ,0x6F ,0x70 ,0x71 ,0x72 ,0x73 ,0x3C,
0x3D ,0x3E ,0x3F ,0x40 ,0x41 ,0x42 ,0x43 ,0x44 ,0x45 ,0x46 ,0x47 ,0x80 ,0x81 ,0x82 ,0x83 ,0x84,
0x85 ,0x86 ,0x87 ,0x88 ,0x89 ,0x8A ,0x8B ,0x60 ,0x61 ,0x62 ,0x63 ,0x64 ,0x65 ,0x66 ,0x67 ,0x68,
0x69 ,0x6A ,0x6B ,0x98 ,0x99 ,0x9A ,0x9B ,0x9C ,0x9D ,0x9E ,0x9F ,0xA0 ,0xA1 ,0xA2 ,0xA3 ,0x4C,
0x28 ,0x29 ,0x2A ,0x2B ,0x2C ,0x2D ,0x2E ,0x2F ,0x6C ,0x6D ,0x6E ,0x6F ,0x70 ,0x71 ,0x72 ,0x73,
0x18 ,0x19 ,0x1A ,0x1B ,0x1C ,0x1D ,0x1E ,0x1F ,0x20 ,0x21 ,0x22 ,0x23 ,0x3C ,0x3D ,0x3E ,0x3F,
0x40 ,0x41 ,0x42 ,0x43 ,0x44 ,0x45 ,0x46 ,0x47 ,0x80 ,0x81 ,0x82 ,0x83 ,0x84 ,0x85 ,0x86 ,0x87,
0x88 ,0x89 ,0x8A ,0x8B ,0x60 ,0x61 ,0x62 ,0x63 ,0x64 ,0x65 ,0x66 ,0x67 ,0x68 ,0x69 ,0x6A ,0x6B,
0x98 ,0x99 ,0x9A ,0x9B ,0x9C ,0x9D ,0x9E ,0x9F ,0xA0 ,0xA1 ,0xA2 ,0xA3 ,0x08 ,0x04 ,0x05 ,0x06,
0x07 ,0x08 ,0x09 ,0x0A ,0x0B ,0x01 ,0x03 ,0x01 ,0x26 ,0x01 ,0x5F ,0x01 ,0x62 ,0x0C ,0x01 ,0x02,
0x04 ,0x14 ,0x15 ,0x17 ,0x27 ,0x28 ,0x2A ,0x60 ,0x61 ,0x63 ,0x14 ,0x00 ,0x01 ,0x03 ,0x02 ,0x04,
0x13 ,0x14 ,0x16 ,0x15 ,0x17 ,0x26 ,0x27 ,0x29 ,0x28 ,0x2A ,0x5F ,0x60 ,0x62 ,0x61 ,0x63 ,0x03,
0x60 ,0x61 ,0x63 ,0x04 ,0x00 ,0x13 ,0x26 ,0x5F ,0x04 ,0x01 ,0x03 ,0x02 ,0x04 ,0x04 ,0x01 ,0x02,
0x04 ,0x16 ,0x04 ,0x03 ,0x16 ,0x29 ,0x62 ,0x04 ,0x13 ,0x27 ,0x28 ,0x2A ,0x04 ,0x26 ,0x60 ,0x61,
0x63 ,0x04 ,0x60 ,0x62 ,0x61 ,0x63 ,0x05 ,0x00 ,0x14 ,0x16 ,0x15 ,0x17 ,0x05 ,0x00 ,0x14 ,0x15,
0x17 ,0x29 ,0x05 ,0x01 ,0x03 ,0x02 ,0x04 ,0x16 ,0x05 ,0x13 ,0x27 ,0x29 ,0x28 ,0x2A ,0x05 ,0x13,
0x27 ,0x28 ,0x2A ,0x62 ,0x14 ,0x6C ,0x6D ,0x6E ,0x6F ,0x70 ,0x71 ,0x72 ,0x73 ,0x80 ,0x81 ,0x82,
0x83 ,0x84 ,0x85 ,0x86 ,0x87 ,0x88 ,0x89 ,0x8A ,0x8B ,0x14 ,0x04 ,0x05 ,0x06 ,0x07 ,0x08 ,0x09,
0x0A ,0x0B ,0x18 ,0x19 ,0x1A ,0x1B ,0x1C ,0x1D ,0x1E ,0x1F ,0x20 ,0x21 ,0x22 ,0x23 ,0x2C ,0x28,
0x29 ,0x2A ,0x2B ,0x2C ,0x2D ,0x2E ,0x2F ,0x3C ,0x3D ,0x3E ,0x3F ,0x40 ,0x41 ,0x42 ,0x43 ,0x44,
0x45 ,0x46 ,0x47 ,0x60 ,0x61 ,0x62 ,0x63 ,0x64 ,0x65 ,0x66 ,0x67 ,0x68 ,0x69 ,0x6A ,0x6B ,0x98,
0x99 ,0x9A ,0x9B ,0x9C ,0x9D ,0x9E ,0x9F ,0xA0 ,0xA1 ,0xA2 ,0xA3 ,0x40 ,0x28 ,0x29 ,0x2A ,0x2B,
0x2C ,0x2D ,0x2E ,0x2F ,0x6C ,0x6D ,0x6E ,0x6F ,0x70 ,0x71 ,0x72 ,0x73 ,0x3C ,0x3D ,0x3E ,0x3F,
0x40 ,0x41 ,0x42 ,0x43 ,0x44 ,0x45 ,0x46 ,0x47 ,0x80 ,0x81 ,0x82 ,0x83 ,0x84 ,0x85 ,0x86 ,0x87,
0x88 ,0x89 ,0x8A ,0x8B ,0x60 ,0x61 ,0x62 ,0x63 ,0x64 ,0x65 ,0x66 ,0x67 ,0x68 ,0x69 ,0x6A ,0x6B,
0x98 ,0x99 ,0x9A ,0x9B ,0x9C ,0x9D ,0x9E ,0x9F ,0xA0 ,0xA1 ,0xA2 ,0xA3 ,0x54 ,0x04 ,0x05 ,0x06,
0x07 ,0x08 ,0x09 ,0x0A ,0x0B ,0x28 ,0x29 ,0x2A ,0x2B ,0x2C ,0x2D ,0x2E ,0x2F ,0x6C ,0x6D ,0x6E,
0x6F ,0x70 ,0x71 ,0x72 ,0x73 ,0x18 ,0x19 ,0x1A ,0x1B ,0x1C ,0x1D ,0x1E ,0x1F ,0x20 ,0x21 ,0x22,
0x23 ,0x3C ,0x3D ,0x3E ,0x3F ,0x40 ,0x41 ,0x42 ,0x43 ,0x44 ,0x45 ,0x46 ,0x47 ,0x80 ,0x81 ,0x82,
0x83 ,0x84 ,0x85 ,0x86 ,0x87 ,0x88 ,0x89 ,0x8A ,0x8B ,0x60 ,0x61 ,0x62 ,0x63 ,0x64 ,0x65 ,0x66,
0x67 ,0x68 ,0x69 ,0x6A ,0x6B ,0x98 ,0x99 ,0x9A ,0x9B ,0x9C ,0x9D ,0x9E ,0x9F ,0xA0 ,0xA1 ,0xA2,
0xA3 ,0x01 ,0x03 ,0x01 ,0x26 ,0x01 ,0x5F ,0x01 ,0x72 ,0x0F ,0x01 ,0x02 ,0x04 ,0x14 ,0x15 ,0x17,
0x27 ,0x28 ,0x2A ,0x60 ,0x61 ,0x63 ,0x73 ,0x74 ,0x76 ,0x02 ,0x5F ,0x72 ,0x02 ,0x62 ,0x75 ,0x19,
0x00 ,0x01 ,0x03 ,0x02 ,0x04 ,0x13 ,0x14 ,0x16 ,0x15 ,0x17 ,0x26 ,0x27 ,0x29 ,0x28 ,0x2A ,0x5F,
0x60 ,0x62 ,0x61 ,0x63 ,0x72 ,0x73 ,0x75 ,0x74 ,0x76 ,0x04 ,0x01 ,0x03 ,0x02 ,0x04 ,0x04 ,0x01,
0x02 ,0x04 ,0x16 ,0x04 ,0x13 ,0x27 ,0x28 ,0x2A ,0x04 ,0x5F ,0x73 ,0x74 ,0x76 ,0x04 ,0x60 ,0x62,
0x61 ,0x63 ,0x04 ,0x73 ,0x75 ,0x74 ,0x76 ,0x05 ,0x00 ,0x13 ,0x26 ,0x5F ,0x72 ,0x05 ,0x00 ,0x14,
0x16 ,0x15 ,0x17 ,0x05 ,0x00 ,0x14 ,0x15 ,0x17 ,0x29 ,0x05 ,0x03 ,0x16 ,0x29 ,0x62 ,0x75 ,0x05,
0x13 ,0x27 ,0x29 ,0x28 ,0x2A ,0x05 ,0x13 ,0x27 ,0x28 ,0x2A ,0x62 ,0x05 ,0x26 ,0x60 ,0x61 ,0x63,
0x75 ,0x05 ,0x5F ,0x73 ,0x75 ,0x74 ,0x76 ,0x06 ,0x60 ,0x61 ,0x63 ,0x73 ,0x74 ,0x76 ,0x14 ,0x6C,
0x6D ,0x6E ,0x6F ,0x70 ,0x71 ,0x72 ,0x73 ,0x80 ,0x81 ,0x82 ,0x83 ,0x84 ,0x85 ,0x86 ,0x87 ,0x88,
0x89 ,0x8A ,0x8B ,0x14 ,0x04 ,0x05 ,0x06 ,0x07 ,0x08 ,0x09 ,0x0A ,0x0B ,0x18 ,0x19 ,0x1A ,0x1B,
0x1C ,0x1D ,0x1E ,0x1F ,0x20 ,0x21 ,0x22 ,0x23 ,0x2C ,0x28 ,0x29 ,0x2A ,0x2B ,0x2C ,0x2D ,0x2E,
0x2F ,0x3C ,0x3D ,0x3E ,0x3F ,0x40 ,0x41 ,0x42 ,0x43 ,0x44 ,0x45 ,0x46 ,0x47 ,0x60 ,0x61 ,0x62,
0x63 ,0x64 ,0x65 ,0x66 ,0x67 ,0x68 ,0x69 ,0x6A ,0x6B ,0x98 ,0x99 ,0x9A ,0x9B ,0x9C ,0x9D ,0x9E,
0x9F ,0xA0 ,0xA1 ,0xA2 ,0xA3 ,0x40 ,0x28 ,0x29 ,0x2A ,0x2B ,0x2C ,0x2D ,0x2E ,0x2F ,0x6C ,0x6D,
0x6E ,0x6F ,0x70 ,0x71 ,0x72 ,0x73 ,0x3C ,0x3D ,0x3E ,0x3F ,0x40 ,0x41 ,0x42 ,0x43 ,0x44 ,0x45,
0x46 ,0x47 ,0x80 ,0x81 ,0x82 ,0x83 ,0x84 ,0x85 ,0x86 ,0x87 ,0x88 ,0x89 ,0x8A ,0x8B ,0x60 ,0x61,
0x62 ,0x63 ,0x64 ,0x65 ,0x66 ,0x67 ,0x68 ,0x69 ,0x6A ,0x6B ,0x98 ,0x99 ,0x9A ,0x9B ,0x9C ,0x9D,
0x9E ,0x9F ,0xA0 ,0xA1 ,0xA2 ,0xA3 ,0x54 ,0x04 ,0x05 ,0x06 ,0x07 ,0x08 ,0x09 ,0x0A ,0x0B ,0x28,
0x29 ,0x2A ,0x2B ,0x2C ,0x2D ,0x2E ,0x2F ,0x6C ,0x6D ,0x6E ,0x6F ,0x70 ,0x71 ,0x72 ,0x73 ,0x18,
0x19 ,0x1A ,0x1B ,0x1C ,0x1D ,0x1E ,0x1F ,0x20 ,0x21 ,0x22 ,0x23 ,0x3C ,0x3D ,0x3E ,0x3F ,0x40,
0x41 ,0x42 ,0x43 ,0x44 ,0x45 ,0x46 ,0x47 ,0x80 ,0x81 ,0x82 ,0x83 ,0x84 ,0x85 ,0x86 ,0x87 ,0x88,
0x89 ,0x8A ,0x8B ,0x60 ,0x61 ,0x62 ,0x63 ,0x64 ,0x65 ,0x66 ,0x67 ,0x68 ,0x69 ,0x6A ,0x6B ,0x98,
0x99 ,0x9A ,0x9B ,0x9C ,0x9D ,0x9E ,0x9F ,0xA0 ,0xA1 ,0xA2 ,0xA3 ,0x01 ,0x03 ,0x01 ,0x26 ,0x01,
0x5F ,0x01 ,0x72 ,0x01 ,0x85 ,0x12 ,0x01 ,0x02 ,0x04 ,0x14 ,0x15 ,0x17 ,0x27 ,0x28 ,0x2A ,0x60,
0x61 ,0x63 ,0x73 ,0x74 ,0x76 ,0x86 ,0x87 ,0x89 ,0x03 ,0x5F ,0x72 ,0x85 ,0x03 ,0x62 ,0x75 ,0x88,
0x1E ,0x00 ,0x01 ,0x03 ,0x02 ,0x04 ,0x13 ,0x14 ,0x16 ,0x15 ,0x17 ,0x26 ,0x27 ,0x29 ,0x28 ,0x2A,
0x5F ,0x60 ,0x62 ,0x61 ,0x63 ,0x72 ,0x73 ,0x75 ,0x74 ,0x76 ,0x85 ,0x86 ,0x88 ,0x87 ,0x89 ,0x04,
0x01 ,0x03 ,0x02 ,0x04 ,0x04 ,0x01 ,0x02 ,0x04 ,0x16 ,0x04 ,0x13 ,0x27 ,0x28 ,0x2A ,0x04 ,0x60,
0x62 ,0x61 ,0x63 ,0x04 ,0x72 ,0x86 ,0x87 ,0x89 ,0x04 ,0x73 ,0x75 ,0x74 ,0x76 ,0x04 ,0x86 ,0x88,
0x87 ,0x89 ,0x05 ,0x00 ,0x14 ,0x16 ,0x15 ,0x17 ,0x05 ,0x00 ,0x14 ,0x15 ,0x17 ,0x29 ,0x05 ,0x13,
0x27 ,0x29 ,0x28 ,0x2A ,0x05 ,0x13 ,0x27 ,0x28 ,0x2A ,0x62 ,0x05 ,0x26 ,0x60 ,0x61 ,0x63 ,0x75,
0x05 ,0x5F ,0x73 ,0x75 ,0x74 ,0x76 ,0x05 ,0x5F ,0x73 ,0x74 ,0x76 ,0x88 ,0x05 ,0x72 ,0x86 ,0x88,
0x87 ,0x89 ,0x06 ,0x00 ,0x13 ,0x26 ,0x5F ,0x72 ,0x85 ,0x06 ,0x03 ,0x16 ,0x29 ,0x62 ,0x75 ,0x88,
0x09 ,0x60 ,0x61 ,0x63 ,0x73 ,0x74 ,0x76 ,0x86 ,0x87 ,0x89 ,0x00 ,0x00 ,0x0D ,0x00 ,0x1A ,0x00,
0x27 ,0x00 ,0x34 ,0x00 ,0xC9 ,0x00 ,0xDE ,0x00 ,0xF7 ,0x00 ,0x18 ,0x01 ,0x3D ,0x01 ,0x42 ,0x01,
0x47 ,0x01 ,0x70 ,0x01 ,0x9D ,0x01 ,0xDE ,0x01 ,0x23 ,0x02 ,0x70 ,0x02 ,0x00 ,0x00 ,0x02 ,0x00,
0x04 ,0x00 ,0x06 ,0x00 ,0x08 ,0x00 ,0x0A ,0x00 ,0x0C ,0x00 ,0x0F ,0x00 ,0x12 ,0x00 ,0x15 ,0x00,
0x18 ,0x00 ,0x1B ,0x00 ,0x1E ,0x00 ,0x21 ,0x00 ,0x24 ,0x00 ,0x39 ,0x00 ,0x3D ,0x00 ,0x41 ,0x00,
0x45 ,0x00 ,0x49 ,0x00 ,0x4D ,0x00 ,0x51 ,0x00 ,0x55 ,0x00 ,0x59 ,0x00 ,0x5E ,0x00 ,0x63 ,0x00,
0x68 ,0x00 ,0x6E ,0x00 ,0x74 ,0x00 ,0x00 ,0x00 ,0x85 ,0x00 ,0x00 ,0x00 ,0x0B ,0x00 ,0x11 ,0x00,
0x17 ,0x00 ,0x00 ,0x00 ,0x0D ,0x00 ,0x1A ,0x00 ,0x27 ,0x00 ,0xB8 ,0x00 ,0xCD ,0x00 ,0xE6 ,0x00,
0x07 ,0x01 ,0x2C ,0x01 ,0x55 ,0x01 ,0x82 ,0x01 ,0xC3 ,0x01 ,0x10 ,0x02 ,0x19 ,0x02 ,0x00 ,0x00,
0x02 ,0x00 ,0x04 ,0x00 ,0x06 ,0x00 ,0x08 ,0x00 ,0x0A ,0x00 ,0x0C ,0x00 ,0x0F ,0x00 ,0x12 ,0x00,
0x15 ,0x00 ,0x18 ,0x00 ,0x1B ,0x00 ,0x1E ,0x00 ,0x21 ,0x00 ,0x24 ,0x00 ,0x39 ,0x00 ,0x3D ,0x00,
0x41 ,0x00 ,0x45 ,0x00 ,0x49 ,0x00 ,0x4D ,0x00 ,0x51 ,0x00 ,0x55 ,0x00 ,0x59 ,0x00 ,0x5D ,0x00,
0x61 ,0x00 ,0x66 ,0x00 ,0x6B ,0x00 ,0x70 ,0x00 ,0x00 ,0x00 ,0x6D ,0x00 ,0x7A ,0x00 ,0x87 ,0x00,
0x20 ,0x01 ,0x35 ,0x01 ,0x4A ,0x01 ,0x63 ,0x01 ,0x84 ,0x01 ,0xA5 ,0x01 ,0xCA ,0x01 ,0xF3 ,0x01,
0x00 ,0x00 ,0x02 ,0x00 ,0x04 ,0x00 ,0x06 ,0x00 ,0x08 ,0x00 ,0x0A ,0x00 ,0x0C ,0x00 ,0x0E ,0x00,
0x10 ,0x00 ,0x13 ,0x00 ,0x16 ,0x00 ,0x19 ,0x00 ,0x1C ,0x00 ,0x1F ,0x00 ,0x22 ,0x00 ,0x25 ,0x00,
0x28 ,0x00 ,0x2B ,0x00 ,0x2E ,0x00 ,0x31 ,0x00 ,0x4B ,0x00 ,0x4F ,0x00 ,0x53 ,0x00 ,0x57 ,0x00,
0x5B ,0x00 ,0x5F ,0x00 ,0x63 ,0x00 ,0x67 ,0x00 ,0x6B ,0x00 ,0x6F ,0x00 ,0x73 ,0x00 ,0x77 ,0x00,
0x7B ,0x00 ,0x7F ,0x00 ,0x84 ,0x00 ,0x89 ,0x00 ,0x8E ,0x00 ,0x93 ,0x00 ,0x98 ,0x00 ,0x9E ,0x00,
0xA4 ,0x00 ,0xAB ,0x00 ,0xB2 ,0x00 ,0x00 ,0x00 ,0x6D ,0x00 ,0x7A ,0x00 ,0x87 ,0x00 ,0x20 ,0x01,
0x35 ,0x01 ,0x4A ,0x01 ,0x6B ,0x01 ,0x8C ,0x01 ,0xB1 ,0x01 ,0xDA ,0x01 ,0x1B ,0x02 ,0x00 ,0x00,
0x02 ,0x00 ,0x04 ,0x00 ,0x06 ,0x00 ,0x08 ,0x00 ,0x0A ,0x00 ,0x0C ,0x00 ,0x0E ,0x00 ,0x10 ,0x00,
0x12 ,0x00 ,0x14 ,0x00 ,0x17 ,0x00 ,0x1A ,0x00 ,0x1D ,0x00 ,0x20 ,0x00 ,0x23 ,0x00 ,0x26 ,0x00,
0x29 ,0x00 ,0x2C ,0x00 ,0x2F ,0x00 ,0x32 ,0x00 ,0x35 ,0x00 ,0x38 ,0x00 ,0x3B ,0x00 ,0x3E ,0x00,
0x41 ,0x00 ,0x44 ,0x00 ,0x47 ,0x00 ,0x4B ,0x00 ,0x4F ,0x00 ,0x53 ,0x00 ,0x57 ,0x00 ,0x5B ,0x00,
0x5F ,0x00 ,0x63 ,0x00 ,0x67 ,0x00 ,0x6B ,0x00 ,0x6F ,0x00 ,0x73 ,0x00 ,0x92 ,0x00 ,0x97 ,0x00,
0x9C ,0x00 ,0xA1 ,0x00 ,0xA6 ,0x00 ,0xAB ,0x00 ,0xB0 ,0x00 ,0xB5 ,0x00 ,0xBA ,0x00 ,0xBF ,0x00,
0xC4 ,0x00 ,0xCA ,0x00 ,0xD0 ,0x00 ,0xD6 ,0x00 ,0xDD ,0x00 ,0xE4 ,0x00 ,0xEB ,0x00 ,0xF2 ,0x00,
0xF9 ,0x00 ,0x02 ,0x01 ,0x00 ,0x00 ,0x0D ,0x00 ,0x22 ,0x00 ,0x4F ,0x00 ,0x90 ,0x00 ,0xDD ,0x00,
0x00 ,0x00 ,0x02 ,0x00 ,0x04 ,0x00 ,0x06 ,0x00 ,0x08 ,0x00 ,0x15 ,0x00 ,0x2A ,0x00 ,0x2E ,0x00,
0x33 ,0x00 ,0x38 ,0x00 ,0x3D ,0x00 ,0x42 ,0x00 ,0x47 ,0x00 ,0x4C ,0x00 ,0x51 ,0x00 ,0x57 ,0x00,
0x5D ,0x00 ,0x63 ,0x00 ,0x69 ,0x00 ,0x00 ,0x00 ,0x15 ,0x00 ,0x2A ,0x00 ,0x57 ,0x00 ,0x98 ,0x00,
0x00 ,0x00 ,0x02 ,0x00 ,0x04 ,0x00 ,0x06 ,0x00 ,0x08 ,0x00 ,0x18 ,0x00 ,0x1B ,0x00 ,0x1E ,0x00,
0x38 ,0x00 ,0x3D ,0x00 ,0x42 ,0x00 ,0x47 ,0x00 ,0x4C ,0x00 ,0x51 ,0x00 ,0x56 ,0x00 ,0x5C ,0x00,
0x62 ,0x00 ,0x68 ,0x00 ,0x6E ,0x00 ,0x74 ,0x00 ,0x7A ,0x00 ,0x80 ,0x00 ,0x86 ,0x00 ,0x00 ,0x00,
0x15 ,0x00 ,0x2A ,0x00 ,0x57 ,0x00 ,0x98 ,0x00 ,0x00 ,0x00 ,0x02 ,0x00 ,0x04 ,0x00 ,0x06 ,0x00,
0x08 ,0x00 ,0x0A ,0x00 ,0x1D ,0x00 ,0x21 ,0x00 ,0x25 ,0x00 ,0x44 ,0x00 ,0x49 ,0x00 ,0x4E ,0x00,
0x53 ,0x00 ,0x58 ,0x00 ,0x5D ,0x00 ,0x62 ,0x00 ,0x67 ,0x00 ,0x6D ,0x00 ,0x73 ,0x00 ,0x79 ,0x00,
0x7F ,0x00 ,0x85 ,0x00 ,0x8B ,0x00 ,0x91 ,0x00 ,0x97 ,0x00 ,0x9E ,0x00 ,0xA5 ,0x00 ,0x01 ,0xFF,
0x01 ,0x08 ,0x00 ,0x02 ,0x02 ,0x00 ,0x02 ,0x02 ,0x00 ,0x02 ,0x02 ,0x04 ,0x02 ,0x02 ,0x04 ,0x02,
0x02 ,0x04 ,0x02 ,0x02 ,0x05 ,0x02 ,0x02 ,0x01 ,0x01 ,0x01 ,0x01 ,0x00 ,0x06 ,0x02 ,0x05 ,0x01,
0x01 ,0x01 ,0x06 ,0x02 ,0x04 ,0x01 ,0x01 ,0x01 ,0x02 ,0x0A ,0x04 ,0x02 ,0x02 ,0x01 ,0x01 ,0x01,
0x0E ,0x02 ,0x02 ,0x01 ,0x01 ,0x01 ,0x01 ,0x00 ,0x06 ,0x02 ,0x05 ,0x05 ,0x01 ,0x01 ,0x06 ,0x02,
0x04 ,0x01 ,0x01 ,0x01 ,0x02 ,0x0A ,0x04 ,0x02 ,0x02 ,0x01 ,0x01 ,0x01 ,0x0D ,0x02 ,0x02 ,0x01,
0x01 ,0x01 ,0x01 ,0x13 ,0x04 ,0x02 ,0x02 ,0x05 ,0x01 ,0x01 ,0x02 ,0x02 ,0x02 ,0x02 ,0x02 ,0x02,
0x02 ,0x02 ,0x02 ,0x03 ,0x02 ,0x02 ,0x01 ,0x01 ,0x01 ,0x01 ,0x00 ,0x06 ,0x02 ,0x05 ,0x01 ,0x01,
0x01 ,0x04 ,0x02 ,0x02 ,0x01 ,0x01 ,0x01 ,0x01 ,0x00 ,0x06 ,0x02 ,0x05 ,0x01 ,0x01 ,0x01 ,0x04,
0x02 ,0x02 ,0x01 ,0x01 ,0x01 ,0x01 ,0x00 ,0x00 ,0x01 ,0x00 ,0x00 ,0x00 ,0x36 ,0x5B ,0x00 ,0x00,
0x01 ,0x00 ,0x00 ,0x00 ,0x39 ,0x5B ,0x00 ,0x00 ,0x01 ,0x00 ,0x00 ,0x00 ,0x3C ,0x5B ,0x00 ,0x00,
0x01 ,0x00 ,0x00 ,0x00 ,0x3F ,0x5B ,0x00 ,0x00 ,0x01 ,0x00 ,0x00 ,0x00 ,0x42 ,0x5B ,0x00 ,0x00,
0x01 ,0x00 ,0x00 ,0x00 ,0x45 ,0x5B ,0x00 ,0x00 ,0x01 ,0x00 ,0x00 ,0x00 ,0x48 ,0x5B ,0x00 ,0x00,
0x04 ,0x00 ,0x00 ,0x00 ,0x4F ,0x5B ,0x00 ,0x00 ,0x05 ,0x00 ,0x00 ,0x00 ,0x6B ,0x5B ,0x00 ,0x00,
0x01 ,0x00 ,0x00 ,0x00 ,0x8E ,0x5B ,0x00 ,0x00 ,0x01 ,0x00 ,0x00 ,0x00 ,0x91 ,0x5B ,0x00 ,0x00,
0x01 ,0x00 ,0x00 ,0x00 ,0x94 ,0x5B ,0x00 ,0x00 ,0x01 ,0x00 ,0x00 ,0x00 ,0x97 ,0x5B ,0x00 ,0x00,
0x02 ,0x00 ,0x00 ,0x00 ,0x9E ,0x5B ,0x00 ,0x00 ,0x02 ,0x00 ,0x00 ,0x00 ,0xAC ,0x5B ,0x00 ,0x00,
0x03 ,0x00 ,0x00 ,0x00 ,0xBC ,0x5B ,0x00 ,0x00 ,0x03 ,0x00 ,0x00 ,0x00 ,0xD4 ,0x5B ,0x00 ,0x00,
0x03 ,0x00 ,0x00 ,0x00 ,0xEC ,0x5B ,0x00 ,0x00 ,0x03 ,0x00 ,0x00 ,0x00 ,0x04 ,0x5C ,0x00 ,0x00,
0x03 ,0x00 ,0x00 ,0x00 ,0x1C ,0x5C ,0x00 ,0x00 ,0x32 ,0x30 ,0x32 ,0x34 ,0x2D ,0x30 ,0x35 ,0x2D,
0x31 ,0x34 ,0x20 ,0x31 ,0x31 ,0x3A ,0x30 ,0x34 ,0x3A ,0x32 ,0x37 ,0x00 ,0x3C ,0x54 ,0x49 ,0x4D,
0x45 ,0x53 ,0x54 ,0x41 ,0x4D ,0x50 ,0x3E ,0x00 ,0x01 ,0x00 ,0x00 ,0x00 ,0xCC ,0x5C ,0x00 ,0x00,
0x01 ,0x00 ,0x00 ,0x00 ,0xCF ,0x5C ,0x00 ,0x00 ,0x00 ,0x00 ,0x00 ,0x00 ,0x00 ,0x00 ,0x00 ,0x00,
0x03 ,0x00 ,0x00 ,0x00 ,0xD2 ,0x5C ,0x00 ,0x00 ,0x03 ,0x00 ,0x00 ,0x00 ,0xDB ,0x5C ,0x00 ,0x00,
0x03 ,0x00 ,0x00 ,0x00 ,0xE4 ,0x5C ,0x00 ,0x00 ,0x00 ,0x00 ,0x00 ,0x00 ,0x00 ,0x00 ,0x00 ,0x00,
0x02 ,0x00 ,0x00 ,0x00 ,0xED ,0x5C ,0x00 ,0x00 ,0x01 ,0x00 ,0x00 ,0x00 ,0xF3 ,0x5C ,0x00 ,0x00,
0x01 ,0x00 ,0x00 ,0x00 ,0xF6 ,0x5C ,0x00 ,0x00 ,0x01 ,0x0E ,0x01 ,0x03 ,0x0B ,0x01 ,0x24 ,0x40,
0x04 ,0x64 ,0x90 ,0x04 ,0x95 ,0xB1 ,0x04 ,0x26 ,0x3E ,0x08 ,0x66 ,0x8E ,0x08 ,0x97 ,0xAF ,0x08,
0x2A ,0x3A ,0x10 ,0x6A ,0x8A ,0x10 ,0x9B ,0xAB ,0x10 ,0x02 ,0x02 ,0x04 ,0x01 ,0xE9 ,0x04 ,0x03,
0xE3 ,0x08 ,0x07 ,0xD7 ,0x10 ,0xBF ,0xAA ,0x00 ,0x00,
};

char *wifi_clm_blob_ptr = (char *)wifi_clm_blob_image;
int wifi_clm_blob_size = (int)sizeof(wifi_clm_blob_image);
